trading_symbol,company_name,prediction_date,prediction_horizon,confidence_score,current_price,target_price,max_target_price,expected_return_min,expected_return_max,lgbm_confidence,nn_confidence
MSPL,MSP STEEL & POWER LTD.,2025-03-07,7,0.6498128392538821,27.31,27.992749999999997,28.6755,0.025,0.05,0.4612505861186669,0.9999998807907104
HCC,HINDUSTAN CONSTRUCTION CO,2025-03-07,7,0.6408903220688082,25.49,26.127249999999997,26.764499999999998,0.025,0.05,0.4475242143097258,0.9999988079071045
BAJAJHIND,BAJAJ HINDUSTHAN SUGAR LT,2025-03-07,7,0.6363764908590261,20.7,21.217499999999998,21.735,0.025,0.05,0.44099914518355465,0.9992201328277588
ALLCARGO,ALLCARGO LOGISTICS LTD,2025-03-07,7,0.6287731806453868,33.04,33.866,34.692,0.025,0.05,0.4343378696711865,0.9898673295974731
RTNINDIA,RATTANINDIA ENT LIMITED,2025-03-07,7,0.6273399239240602,43.84,44.936,46.032000000000004,0.025,0.05,0.44010370136201626,0.9750643372535706
NAVKARCORP,NAVKAR CORPORATION LTD.,2025-03-07,7,0.6248298517039665,99.53,102.01825,104.5065,0.025,0.05,0.42360301983222737,0.9985368251800537
TRIDENT,TRIDENT LIMITED,2025-03-07,7,0.6236623669945324,25.36,25.993999999999996,26.628,0.025,0.05,0.4436446787887849,0.9579809308052063
PFS,PTC INDIA FIN SERV LTD,2025-03-07,7,0.6206155757364179,32.0,32.8,33.6,0.025,0.05,0.43069392140959245,0.9733272194862366
SERVOTECH,SERVOTECH REN POW SYS LTD,2025-03-07,7,0.6170239569322685,126.67,129.83675,133.0035,0.025,0.05,0.41615356414385635,0.9900689721107483
VAKRANGEE,VAKRANGEE LIMITED,2025-03-07,10,0.6152976813978788,13.8,14.145,14.490000000000002,0.025,0.05,0.463322520691275,0.9699063897132874
SALASAR,SALASAR TECHNO ENGG. LTD.,2025-03-07,10,0.6119388162994532,8.85,9.07125,9.2925,0.025,0.05,0.46573762381419515,0.9530749320983887
SEPC,SEPC LIMITED,2025-03-07,10,0.6082395600289949,14.28,14.636999999999999,14.994,0.025,0.05,0.4635266302612351,0.9459030628204346
HCC,HINDUSTAN CONSTRUCTION CO,2025-03-07,10,0.6050216497974195,25.49,26.127249999999997,26.764499999999998,0.025,0.05,0.4648069997623702,0.9321891665458679
NETWORK18,NETWORK18 MEDIA & INV LTD,2025-03-07,7,0.6049170664839398,45.45,46.58625,47.722500000000004,0.025,0.05,0.44506082502579875,0.9017929434776306
MSPL,MSP STEEL & POWER LTD.,2025-03-07,10,0.6030760109329371,27.31,27.992749999999997,28.6755,0.025,0.05,0.46573762381419515,0.923532247543335
JMFINANCIL,JM FINANCIAL LIMITED,2025-03-07,7,0.6025435174989924,97.5,99.93749999999999,102.375,0.025,0.05,0.39040606686522183,0.9965130686759949
VIJAYA,VIJAYA DIAGNOSTIC CEN LTD,2025-03-07,5,0.6022608011485502,1053.65,1079.99125,1106.3325000000002,0.025,0.05,0.5320738288034695,0.6596865057945251
INFIBEAM,INFIBEAM AVENUES LIMITED,2025-03-07,7,0.6019495913003665,19.43,19.91575,20.401500000000002,0.025,0.05,0.40229322033276643,0.9727399945259094
UTKARSHBNK,UTKARSH SMALL FIN BANK L,2025-03-07,7,0.6014953970666286,23.35,23.93375,24.517500000000002,0.025,0.05,0.4232137798889411,0.9325898289680481
PENINLAND,PENINSULA LAND LIMITED,2025-03-07,7,0.6001808002519158,26.69,27.35725,28.024500000000003,0.025,0.05,0.3994080951469902,0.9730443954467773
SEPC,SEPC LIMITED,2025-03-07,7,0.5949551350017304,14.28,14.636999999999999,14.994,0.025,0.05,0.37732376137450935,0.9991276860237122
NIITLTD,NIIT LIMITED,2025-03-07,10,0.5947832604061158,123.38,126.46449999999999,129.549,0.025,0.05,0.45699318247332354,0.9162934422492981
NIITLTD,NIIT LIMITED,2025-03-07,7,0.594287318335667,123.38,126.46449999999999,129.549,0.025,0.05,0.3764586224719419,0.9988263249397278
STEELXIND,STEEL EXCHANGE INDIA LTD,2025-03-07,10,0.5942542791271357,8.15,8.35375,8.557500000000001,0.025,0.05,0.46573762381419515,0.8941264748573303
BCLIND,BCL INDUSTRIES LIMITED,2025-03-07,7,0.5941166354729508,40.53,41.54325,42.5565,0.025,0.05,0.42392688737676315,0.910183310508728
SHRIRAMPPS,SHRIRAM PROPERTIES LTD,2025-03-07,7,0.593785527090577,73.36,75.19399999999999,77.028,0.025,0.05,0.37517042303749804,0.9997850060462952
GATEWAY,GATEWAY DISTRIPARKS LTD,2025-03-07,7,0.5925177299764524,63.29,64.87225,66.4545,0.025,0.05,0.373429705513864,0.999395489692688
DBREALTY,VALOR ESTATE LIMITED,2025-03-07,7,0.5925066629209779,133.82,137.16549999999998,140.511,0.025,0.05,0.4019664356584215,0.946367084980011
IMAGICAA,IMAGICAAWORLD ENT LTD,2025-03-07,7,0.5917050356069291,65.63,67.27074999999999,68.9115,0.025,0.05,0.3763873889505993,0.9915806651115417
HEG,HEG LTD,2025-03-07,10,0.5906747342543472,394.0,403.84999999999997,413.70000000000005,0.025,0.05,0.45792154774732113,0.9004321694374084
RTNPOWER,RATTANINDIA POWER LIMITED,2025-03-07,7,0.5905689250772337,10.26,10.516499999999999,10.773,0.025,0.05,0.3799536887415158,0.9817115068435669
IFCI,IFCI LTD,2025-03-07,7,0.5885777509446346,44.44,45.550999999999995,46.662,0.025,0.05,0.3879106100148731,0.9612452983856201
SBC,SBC EXPORTS LIMITED,2025-03-07,7,0.5879028742315229,13.77,14.114249999999998,14.4585,0.025,0.05,0.3697486343753424,0.9930464625358582
VAKRANGEE,VAKRANGEE LIMITED,2025-03-07,7,0.5867878680044101,13.8,14.145,14.490000000000002,0.025,0.05,0.3642894128367971,0.9999992847442627
STEELXIND,STEEL EXCHANGE INDIA LTD,2025-03-07,7,0.5859447671216723,8.15,8.35375,8.557500000000001,0.025,0.05,0.36421110282219327,0.997735857963562
DISHTV,DISH TV INDIA LTD.,2025-03-07,7,0.58585494849107,6.61,6.77525,6.940500000000001,0.025,0.05,0.36905679478127734,0.9884800910949707
SUBEXLTD,SUBEX LTD,2025-03-07,7,0.5849795805555597,14.04,14.390999999999998,14.741999999999999,0.025,0.05,0.369505522670198,0.9851456880569458
JMFINANCIL,JM FINANCIAL LIMITED,2025-03-07,10,0.5845894278483261,97.5,99.93749999999999,102.375,0.025,0.05,0.45792154774732113,0.8801478147506714
SHRIRAMPPS,SHRIRAM PROPERTIES LTD,2025-03-07,10,0.5834052582393678,73.36,75.19399999999999,77.028,0.025,0.05,0.45699318247332354,0.8783667683601379
GIPCL,GUJ IND POW CO. LTD,2025-03-07,7,0.5830750844373439,171.63,175.92074999999997,180.2115,0.025,0.05,0.36000328209066,0.9973512887954712
ALLCARGO,ALLCARGO LOGISTICS LTD,2025-03-07,10,0.5820018114046921,33.04,33.866,34.692,0.025,0.05,0.45792154774732113,0.8715224266052246
GREENPOWER,ORIENT GREEN POWER CO LTD,2025-03-07,7,0.5813089334711955,13.1,13.427499999999998,13.755,0.025,0.05,0.38192887394023656,0.9515861868858337
ZEEMEDIA,ZEE MEDIA CORPORATION LTD,2025-03-07,7,0.580064503097017,14.37,14.729249999999999,15.0885,0.025,0.05,0.3572971144448173,0.9937753677368164
GPIL,GODAWARI POW & ISP LTD,2025-03-07,7,0.5792843353266837,179.04,183.51599999999996,187.992,0.025,0.05,0.37714347648549096,0.9546887874603271
MOREPENLAB,MOREPEN LAB. LTD,2025-03-07,7,0.5783956594181465,49.68,50.922,52.164,0.025,0.05,0.3760752459233246,0.9541335701942444
SHAREINDIA,SHARE IND. SECURITIES LTD,2025-03-07,10,0.5774180771307816,185.92,190.56799999999998,195.216,0.025,0.05,0.45792154774732113,0.8562433123588562
NSLNISP,NMDC STEEL LIMITED,2025-03-07,7,0.5738997793978305,37.26,38.1915,39.123,0.025,0.05,0.442874088774255,0.8172332048416138
NAVKARCORP,NAVKAR CORPORATION LTD.,2025-03-07,10,0.5727349938349595,99.53,102.01825,104.5065,0.025,0.05,0.45792154774732113,0.8406330347061157
ASIANTILES,ASIAN GRANITO IND. LTD.,2025-03-07,7,0.572647753837451,48.51,49.72274999999999,50.9355,0.025,0.05,0.3454996354805272,0.9944942593574524
GATEWAY,GATEWAY DISTRIPARKS LTD,2025-03-07,10,0.5722171486811509,63.29,64.87225,66.4545,0.025,0.05,0.45792154774732113,0.8389068841934204
GIPCL,GUJ IND POW CO. LTD,2025-03-07,10,0.5717039884524217,171.63,175.92074999999997,180.2115,0.025,0.05,0.45792154774732113,0.8371963500976562
ZEEL,ZEE ENTERTAINMENT ENT LTD,2025-03-07,7,0.5701542459325524,103.97,106.56925,109.16850000000001,0.025,0.05,0.426844728664944,0.8363004922866821
NATIONALUM,NATIONAL ALUMINIUM CO LTD,2025-03-07,7,0.5686575263911682,195.17,200.04924999999997,204.92849999999999,0.025,0.05,0.34610821194743463,0.9819633960723877
VERTOZ,VERTOZ LIMITED,2025-03-07,7,0.5685823552690932,10.42,10.680499999999999,10.941,0.025,0.05,0.3367505108519989,0.999127209186554
IMAGICAA,IMAGICAAWORLD ENT LTD,2025-03-07,10,0.5681232293258699,65.63,67.27074999999999,68.9115,0.025,0.05,0.45699318247332354,0.8274266719818115
SALASAR,SALASAR TECHNO ENGG. LTD.,2025-03-07,7,0.5668977293441901,8.85,9.07125,9.2925,0.025,0.05,0.3338481009113804,0.9997041821479797
MMTC,MMTC LIMITED,2025-03-07,7,0.5653323254202738,55.22,56.6005,57.981,0.025,0.05,0.3961006848040199,0.8796196579933167
BLKASHYAP,B.L.KASHYAP & SON LTD,2025-03-07,7,0.5653212338151721,51.42,52.7055,53.99100000000001,0.025,0.05,0.40955262451021923,0.8546057939529419
SBC,SBC EXPORTS LIMITED,2025-03-07,10,0.5640737952785291,13.77,14.114249999999998,14.4585,0.025,0.05,0.4648069997623702,0.7956963181495667
DWARKESH,DWARIKESH SUGAR IND LTD,2025-03-07,7,0.5614255705527706,40.78,41.799499999999995,42.819,0.025,0.05,0.3809327130214135,0.8966265916824341
BAJAJHIND,BAJAJ HINDUSTHAN SUGAR LT,2025-03-07,10,0.5613745810584821,20.7,21.217499999999998,21.735,0.025,0.05,0.4648069997623702,0.7866989374160767
PRSMJOHNSN,PRISM JOHNSON LIMITED,2025-03-07,7,0.5610744803130343,129.66,132.9015,136.143,0.025,0.05,0.37487278060725326,0.9068776369094849
HLVLTD,HLV LIMITED,2025-03-07,7,0.5593319175945164,14.27,14.626749999999998,14.9835,0.025,0.05,0.36164122794017456,0.9264717698097229
VIKASLIFE,VIKAS LIFECARE LIMITED,2025-03-07,10,0.5589858055019525,3.19,3.2697499999999997,3.3495,0.025,0.05,0.46573762381419515,0.77656489610672
PARACABLES,PARAMOUNT COMM LTD,2025-03-07,7,0.5587135925448243,57.08,58.50699999999999,59.934,0.025,0.05,0.3832482442727922,0.8845778107643127
JAICORPLTD,JAI CORP LIMITED,2025-03-07,7,0.5576912091934518,108.45,111.16125,113.8725,0.025,0.05,0.3884165725285941,0.8720583915710449
RTNPOWER,RATTANINDIA POWER LIMITED,2025-03-07,10,0.5575309040145673,10.26,10.516499999999999,10.773,0.025,0.05,0.4648069997623702,0.7738866806030273
SHK,S H KELKAR AND CO. LTD.,2025-03-07,7,0.5560274608116382,187.25,191.93124999999998,196.6125,0.025,0.05,0.3217142326986231,0.9911805987358093
SARVESHWAR,SARVESHWAR FOODS LIMITED,2025-03-07,7,0.5555964280444703,7.28,7.462,7.644000000000001,0.025,0.05,0.3516649312359127,0.9343263506889343
SUBEXLTD,SUBEX LTD,2025-03-07,10,0.5555782261557217,14.04,14.390999999999998,14.741999999999999,0.025,0.05,0.463322520691275,0.7708415389060974
GENUSPOWER,GENUS POWER INFRASTRU LTD,2025-03-07,10,0.5554190893779787,270.7,277.4675,284.235,0.025,0.05,0.45699318247332354,0.7850795388221741
PENINLAND,PENINSULA LAND LIMITED,2025-03-07,10,0.5553081574039258,26.69,27.35725,28.024500000000003,0.025,0.05,0.4648069997623702,0.7664775252342224
DCAL,DISHMAN CARBO AMCIS LTD,2025-03-07,10,0.55512815910683,214.83,220.20075,225.57150000000001,0.025,0.05,0.45699318247332354,0.7841097712516785
TTML,TATA TELESERV(MAHARASTRA),2025-03-07,7,0.5542116001908416,60.73,62.24824999999999,63.7665,0.025,0.05,0.39280865982013397,0.8539599180221558
VIKASLIFE,VIKAS LIFECARE LIMITED,2025-03-07,7,0.5505639475821762,3.19,3.2697499999999997,3.3495,0.025,0.05,0.3271484943902354,0.9654783606529236
DHANI,DHANI SERVICES LIMITED,2025-03-07,7,0.5504556372894828,62.96,64.53399999999999,66.108,0.025,0.05,0.37880153153706575,0.8692418336868286
MICEL,MIC ELECTRONICS LTD,2025-03-07,7,0.5494220896336282,61.15,62.678749999999994,64.2075,0.025,0.05,0.3916414767920733,0.8424432277679443
PENIND,PENNAR INDUSTRIES LTD,2025-03-07,7,0.549305515627081,174.25,178.60625,182.9625,0.025,0.05,0.31524601218030207,0.9839874505996704
RENUKA,SHREE RENUKA SUGARS LTD,2025-03-07,7,0.5491895563320143,29.15,29.878749999999997,30.607499999999998,0.025,0.05,0.42209391516230393,0.7852243185043335
ASIANTILES,ASIAN GRANITO IND. LTD.,2025-03-07,10,0.5485471983562502,48.51,49.72274999999999,50.9355,0.025,0.05,0.45699318247332354,0.7621732354164124
GTLINFRA,GTL INFRA.LTD,2025-03-07,10,0.5469336571292677,1.59,1.62975,1.6695000000000002,0.025,0.05,0.4648069997623702,0.7385625243186951
GVKPIL,GVK POW. & INFRA LTD.,2025-03-07,7,0.5466165192441936,4.01,4.11025,4.2105,0.025,0.05,0.3084839960729153,0.9888626337051392
PRSMJOHNSN,PRISM JOHNSON LIMITED,2025-03-07,10,0.5457546559788025,129.66,132.9015,136.143,0.025,0.05,0.455716009341143,0.7558448314666748
JPPOWER,JAIPRAKASH POWER VEN. LTD,2025-03-07,7,0.5433295461511298,14.15,14.503749999999998,14.857500000000002,0.025,0.05,0.38308533842375414,0.840925931930542
JINDRILL,JINDAL DRILLING IND. LTD,2025-03-07,5,0.542652965453648,897.65,920.09125,942.5325,0.025,0.05,0.5068355486732576,0.5719581246376038
UTKARSHBNK,UTKARSH SMALL FIN BANK L,2025-03-07,10,0.5392390966320184,23.35,23.93375,24.517500000000002,0.025,0.05,0.46573762381419515,0.7107425332069397
VASCONEQ,VASCON ENGINEERS LTD,2025-03-07,7,0.5389376154840515,35.59,36.47975,37.3695,0.025,0.05,0.4302307583277845,0.7408217787742615
GSPL,GUJARAT STATE PETRO LTD,2025-03-07,10,0.5386450649695267,288.2,295.405,302.61,0.025,0.05,0.45792154774732113,0.7269999384880066
VERTOZ,VERTOZ LIMITED,2025-03-07,10,0.5381818058090009,10.42,10.680499999999999,10.941,0.025,0.05,0.4648069997623702,0.7093896865844727
PAISALO,PAISALO DIGITAL LIMITED,2025-03-07,7,0.5378783822194475,37.86,38.80649999999999,39.753,0.025,0.05,0.41325619131108704,0.7693195939064026
SERVOTECH,SERVOTECH REN POW SYS LTD,2025-03-07,10,0.5374366801241749,126.67,129.83675,133.0035,0.025,0.05,0.4555124188121888,0.7285932898521423
RTNINDIA,RATTANINDIA ENT LIMITED,2025-03-07,10,0.5371980132059921,43.84,44.936,46.032000000000004,0.025,0.05,0.45792154774732113,0.7221764326095581
DEN,DEN NETWORKS LTD,2025-03-07,7,0.5371251274142798,32.76,33.57899999999999,34.397999999999996,0.025,0.05,0.4600504803342905,0.6802637577056885
DISHTV,DISH TV INDIA LTD.,2025-03-07,10,0.5370812060432233,6.61,6.77525,6.940500000000001,0.025,0.05,0.4648069997623702,0.7057210206985474
GTLINFRA,GTL INFRA.LTD,2025-03-07,7,0.5367596643257859,1.59,1.62975,1.6695000000000002,0.025,0.05,0.3177374948429333,0.9435151219367981
MOL,MEGHMANI ORGANICS LIMITED,2025-03-07,7,0.535297722113367,69.63,71.37074999999999,73.11149999999999,0.025,0.05,0.3611962069184904,0.8586291074752808
PENINLAND,PENINSULA LAND LIMITED,2025-03-07,5,0.5331064888830506,26.69,27.35725,28.024500000000003,0.025,0.05,0.5084413111199984,0.5532870888710022
BLKASHYAP,B.L.KASHYAP & SON LTD,2025-03-07,10,0.5329874318102711,51.42,52.7055,53.99100000000001,0.025,0.05,0.4555124188121888,0.7137624621391296
PRAJIND,PRAJ INDUSTRIES LTD,2025-03-07,10,0.532693117995726,520.9,533.9224999999999,546.945,0.025,0.05,0.45792154774732113,0.7071601152420044
DWARKESH,DWARIKESH SUGAR IND LTD,2025-03-07,10,0.5323294640974869,40.78,41.799499999999995,42.819,0.025,0.05,0.45792154774732113,0.7059479355812073
HLVLTD,HLV LIMITED,2025-03-07,10,0.5311605513000635,14.27,14.626749999999998,14.9835,0.025,0.05,0.46573762381419515,0.6838140487670898
INFIBEAM,INFIBEAM AVENUES LIMITED,2025-03-07,10,0.5308696031475214,19.43,19.91575,20.401500000000002,0.025,0.05,0.46573762381419515,0.6828442215919495
PFS,PTC INDIA FIN SERV LTD,2025-03-07,10,0.5287627816105036,32.0,32.8,33.6,0.025,0.05,0.46573762381419515,0.6758214831352234
NATIONALUM,NATIONAL ALUMINIUM CO LTD,2025-03-07,10,0.5276457370715012,195.17,200.04924999999997,204.92849999999999,0.025,0.05,0.45792154774732113,0.6903355121612549
ZEEMEDIA,ZEE MEDIA CORPORATION LTD,2025-03-07,10,0.5273400726980801,14.37,14.729249999999999,15.0885,0.025,0.05,0.463322520691275,0.6767143607139587
IFCI,IFCI LTD,2025-03-07,10,0.5262153764377626,44.44,45.550999999999995,46.662,0.025,0.05,0.45699318247332354,0.6877338290214539
ALEMBICLTD,ALEMBIC LIMITED,2025-03-07,7,0.5250523227394386,99.27,101.75174999999999,104.2335,0.025,0.05,0.38846921277974866,0.7787066698074341
NFL,NATIONAL FERT. LTD,2025-03-07,7,0.5239728313028489,83.38,85.46449999999999,87.54899999999999,0.025,0.05,0.3673583286449961,0.8148283362388611
MTNL,MAHANAGAR TELEPHONE NIGAM,2025-03-07,7,0.52371434401245,42.54,43.6035,44.667,0.025,0.05,0.3905048619596023,0.7711033821105957
IRB,IRB INFRA DEV LTD.,2025-03-07,7,0.5228509659617744,44.51,45.622749999999996,46.7355,0.025,0.05,0.37174586532201553,0.8034747242927551
GODFRYPHLP,GODFREY PHILLIPS INDIA LT,2025-03-07,5,0.5225040101819621,5326.35,5459.50875,5592.6675000000005,0.025,0.05,0.5341839710459414,0.512947678565979
HEMIPROP,HEMISPHERE PROP IND LTD,2025-03-07,10,0.5223490358786453,127.81,131.00525,134.2005,0.025,0.05,0.45792154774732113,0.6726798415184021
GVKPIL,GVK POW. & INFRA LTD.,2025-03-07,10,0.5217985466620526,4.01,4.11025,4.2105,0.025,0.05,0.4584466326096514,0.6696196794509888
EMIL,ELECTRONICS MART IND LTD,2025-03-07,10,0.5208515585856308,132.03,135.33075,138.63150000000002,0.025,0.05,0.45792154774732113,0.667688250541687
RAJESHEXPO,RAJESH EXPORTS LTD,2025-03-07,10,0.5199490131335129,160.96,164.98399999999998,169.008,0.025,0.05,0.45792154774732113,0.664679765701294
GPIL,GODAWARI POW & ISP LTD,2025-03-07,10,0.5198747735480183,179.04,183.51599999999996,187.992,0.025,0.05,0.4555124188121888,0.6700536012649536
SARVESHWAR,SARVESHWAR FOODS LIMITED,2025-03-07,10,0.5195134343700208,7.28,7.462,7.644000000000001,0.025,0.05,0.4648069997623702,0.6471617817878723
ZENTEC,ZEN TECHNOLOGIES LIMITED,2025-03-07,10,0.5190705936411731,1255.45,1286.8362499999998,1318.2225,0.025,0.05,0.4555124188121888,0.66737300157547
SHK,S H KELKAR AND CO. LTD.,2025-03-07,10,0.5185427527884358,187.25,191.93124999999998,196.6125,0.025,0.05,0.4555124188121888,0.6656135320663452
GREENPOWER,ORIENT GREEN POWER CO LTD,2025-03-07,10,0.5166631402568617,13.1,13.427499999999998,13.755,0.025,0.05,0.4648069997623702,0.637660801410675
NSLNISP,NMDC STEEL LIMITED,2025-03-07,10,0.5163289555480115,37.26,38.1915,39.123,0.025,0.05,0.4618685513124625,0.6434032320976257
PENIND,PENNAR INDUSTRIES LTD,2025-03-07,10,0.5159166158633103,174.25,178.60625,182.9625,0.025,0.05,0.45792154774732113,0.6512384414672852
JINDWORLD,JINDAL WORLDWIDE LTD,2025-03-07,5,0.51591624432908,62.49,64.05225,65.6145,0.025,0.05,0.49074640128582725,0.5365097522735596
TARIL,TRANS & RECTI. LTD,2025-03-07,5,0.5143109385917973,421.1,431.6275,442.15500000000003,0.025,0.05,0.4823411514914459,0.5404680371284485
EKC,EVEREST KANTO CYLINDERLTD,2025-03-07,7,0.5133725493761978,128.12,131.32299999999998,134.526,0.025,0.05,0.3674315534513855,0.7844058275222778
JINDWORLD,JINDAL WORLDWIDE LTD,2025-03-07,7,0.5132595564087109,62.49,64.05225,65.6145,0.025,0.05,0.3843289468777296,0.7527021169662476
HEMIPROP,HEMISPHERE PROP IND LTD,2025-03-07,7,0.5123177722188923,127.81,131.00525,134.2005,0.025,0.05,0.3814050349047693,0.755441427230835
STARHEALTH,STAR HEALTH & AL INS CO L,2025-03-07,10,0.5119429053263536,366.55,375.71375,384.87750000000005,0.025,0.05,0.45792154774732113,0.6379927396774292
RAMASTEEL,RAMA STEEL TUBES LIMITED,2025-03-07,7,0.5111170307602485,10.35,10.608749999999999,10.8675,0.025,0.05,0.3498310149947802,0.8106482028961182
NETWORK18,NETWORK18 MEDIA & INV LTD,2025-03-07,10,0.5101832510428299,45.45,46.58625,47.722500000000004,0.025,0.05,0.45792154774732113,0.6321272253990173
JPPOWER,JAIPRAKASH POWER VEN. LTD,2025-03-07,10,0.5101494848632959,14.15,14.503749999999998,14.857500000000002,0.025,0.05,0.46573762381419515,0.6137771606445312
RENUKA,SHREE RENUKA SUGARS LTD,2025-03-07,10,0.5100533902549891,29.15,29.878749999999997,30.607499999999998,0.025,0.05,0.46573762381419515,0.6134568452835083
ZEEMEDIA,ZEE MEDIA CORPORATION LTD,2025-03-07,5,0.5093231712530446,14.37,14.729249999999999,15.0885,0.025,0.05,0.4823411514914459,0.5313993692398071
NECLIFE,NECTAR LIFESCIENCES LTD.,2025-03-07,7,0.5089480608921324,29.23,29.960749999999997,30.6915,0.025,0.05,0.4075303765781529,0.6972951889038086
EMIL,ELECTRONICS MART IND LTD,2025-03-07,7,0.5086793521204254,132.03,135.33075,138.63150000000002,0.025,0.05,0.4019664356584215,0.7068604826927185
MIDHANI,MISHRA DHATU NIGAM LTD,2025-03-07,10,0.5084748448328843,274.01,280.86024999999995,287.7105,0.025,0.05,0.45792154774732113,0.6264325380325317
HFCL,HFCL LIMITED,2025-03-07,7,0.5075479310094987,83.87,85.96674999999999,88.0635,0.025,0.05,0.3673583286449961,0.7679000496864319
SUZLON,SUZLON ENERGY LIMITED,2025-03-07,5,0.5061063020513571,54.92,56.293,57.666000000000004,0.025,0.05,0.5020931890907367,0.5093897581100464
BALMLAWRIE,BALMER LAWRIE & CO LTD,2025-03-07,5,0.5058340429351843,177.27,181.70175,186.13350000000003,0.025,0.05,0.5020931890907367,0.5088947415351868
BHEL,BHEL,2025-03-07,10,0.5057135106520524,196.95,201.87374999999997,206.79749999999999,0.025,0.05,0.45792154774732113,0.617228090763092
NETWORK18,NETWORK18 MEDIA & INV LTD,2025-03-07,5,0.504886379732528,45.45,46.58625,47.722500000000004,0.025,0.05,0.4994300402840833,0.5093506574630737
STLTECH,STERLITE TECHNOLOGIES LTD,2025-03-07,5,0.5048856311162062,85.64,87.78099999999999,89.92200000000001,0.025,0.05,0.5011125986487219,0.5079726576805115
KSB,KSB LIMITED,2025-03-07,5,0.5047343998092797,685.9,703.0474999999999,720.195,0.025,0.05,0.4994300402840833,0.509074330329895
RTNPOWER,RATTANINDIA POWER LIMITED,2025-03-07,5,0.504370793609432,10.26,10.516499999999999,10.773,0.025,0.05,0.5020931890907367,0.5062342882156372
TRIDENT,TRIDENT LIMITED,2025-03-07,10,0.5042904065994693,25.36,25.993999999999996,26.628,0.025,0.05,0.4644484927183495,0.5972548723220825
SAREGAMA,SAREGAMA INDIA LIMITED,2025-03-07,5,0.5037255876381941,490.9,503.17249999999996,515.445,0.025,0.05,0.5011125986487219,0.5058634877204895
BOMDYEING,BOMBAY DYEING & MFG. CO L,2025-03-07,5,0.5035029230199757,140.55,144.06375,147.57750000000001,0.025,0.05,0.49987908815509774,0.506467878818512
MMTC,MMTC LIMITED,2025-03-07,5,0.503463359983737,55.22,56.6005,57.981,0.025,0.05,0.5011125986487219,0.5053867101669312
KALYANKJIL,KALYAN JEWELLERS IND LTD,2025-03-07,5,0.5033872333846988,431.7,442.49249999999995,453.285,0.025,0.05,0.49987908815509774,0.5062575340270996
ZEEL,ZEE ENTERTAINMENT ENT LTD,2025-03-07,5,0.5032500426056518,103.97,106.56925,109.16850000000001,0.025,0.05,0.4952567573129101,0.5097900032997131
KARURVYSYA,KARUR VYSYA BANK LTD,2025-03-07,10,0.5030976211655127,204.03,209.13074999999998,214.2315,0.025,0.05,0.4597931129063861,0.6041414737701416
DBREALTY,VALOR ESTATE LIMITED,2025-03-07,10,0.5028563757549318,133.82,137.16549999999998,140.511,0.025,0.05,0.45699318247332354,0.6098704934120178
JPPOWER,JAIPRAKASH POWER VEN. LTD,2025-03-07,5,0.5027284530098465,14.15,14.503749999999998,14.857500000000002,0.025,0.05,0.4984494441737126,0.5062294602394104
MRPL,MRPL,2025-03-07,5,0.5026753780539062,113.67,116.51174999999999,119.35350000000001,0.025,0.05,0.4984494441737126,0.506132960319519
UCOBANK,UCO BANK,2025-03-07,7,0.5025036842029819,37.44,38.376,39.312,0.025,0.05,0.3245867170434012,0.8329209089279175
DEN,DEN NETWORKS LTD,2025-03-07,5,0.5023185263159408,32.76,33.57899999999999,34.397999999999996,0.025,0.05,0.4952567573129101,0.5080963373184204
ALOKINDS,ALOK INDUSTRIES LIMITED,2025-03-07,5,0.5021609746535368,17.36,17.793999999999997,18.228,0.025,0.05,0.5011125986487219,0.5030187368392944
RTNINDIA,RATTANINDIA ENT LIMITED,2025-03-07,5,0.5020563655217238,43.84,44.936,46.032000000000004,0.025,0.05,0.5011125986487219,0.5028285384178162
WALCHANNAG,WALCHANDNAGAR INDUSTRIES,2025-03-07,5,0.5017072640975065,168.61,172.82525,177.0405,0.025,0.05,0.5011125986487219,0.502193808555603
DISHTV,DISH TV INDIA LTD.,2025-03-07,5,0.5016906761248656,6.61,6.77525,6.940500000000001,0.025,0.05,0.5011125986487219,0.5021636486053467
PAYTM,ONE 97 COMMUNICATIONS LTD,2025-03-07,5,0.5016311225588348,684.85,701.9712499999999,719.0925000000001,0.025,0.05,0.4984494441737126,0.5042343139648438
MANINFRA,MAN INFRA LTD,2025-03-07,5,0.5014113359768935,154.1,157.9525,161.805,0.025,0.05,0.5011125986487219,0.5016557574272156
MSPL,MSP STEEL & POWER LTD.,2025-03-07,5,0.5013976656516141,27.31,27.992749999999997,28.6755,0.025,0.05,0.5011125986487219,0.5016309022903442
MIDHANI,MISHRA DHATU NIGAM LTD,2025-03-07,5,0.5012783316455783,274.01,280.86024999999995,287.7105,0.025,0.05,0.49987908815509774,0.5024231672286987
RPOWER,RELIANCE POWER LTD.,2025-03-07,5,0.5011623524745055,36.04,36.940999999999995,37.842,0.025,0.05,0.5011125986487219,0.5012030601501465
TEJASNET,TEJAS NETWORKS LIMITED,2025-03-07,5,0.5010062036596241,736.45,754.8612499999999,773.2725,0.025,0.05,0.49987908815509774,0.5019283890724182
VAIBHAVGBL,VAIBHAV GLOBAL LIMITED,2025-03-07,5,0.5009323172886915,235.57,241.45924999999997,247.3485,0.025,0.05,0.5011125986487219,0.5007848143577576
OLECTRA,OLECTRA GREENTECH LIMITED,2025-03-07,5,0.5008987151701993,1143.1,1171.6774999999998,1200.2549999999999,0.025,0.05,0.5011125986487219,0.5007237195968628
MOIL,MOIL LIMITED,2025-03-07,5,0.5008974311433734,332.55,340.86375,349.1775,0.025,0.05,0.49987908815509774,0.5017306208610535
BEML,BEML LIMITED,2025-03-07,5,0.5008794335208835,2668.8,2735.52,2802.2400000000002,0.025,0.05,0.49987908815509774,0.5016978979110718
JSWENERGY,JSW ENERGY LIMITED,2025-03-07,5,0.500672822921994,491.7,503.99249999999995,516.285,0.025,0.05,0.4984494441737126,0.5024919509887695
RALLIS,RALLIS INDIA LTD,2025-03-07,5,0.5006699561344276,222.06,227.61149999999998,233.163,0.025,0.05,0.4968528282348072,0.5037930607795715
DWARKESH,DWARIKESH SUGAR IND LTD,2025-03-07,5,0.5006654617868366,40.78,41.799499999999995,42.819,0.025,0.05,0.49987908815509774,0.5013088583946228
BAJAJHIND,BAJAJ HINDUSTHAN SUGAR LT,2025-03-07,5,0.500653895052249,20.7,21.217499999999998,21.735,0.025,0.05,0.5011125986487219,0.5002785921096802
RCF,RASHTRIYA CHEMICALS & FER,2025-03-07,5,0.5006485459886494,124.95,128.07375,131.19750000000002,0.025,0.05,0.49987908815509774,0.5012781023979187
HINDCOPPER,HINDUSTAN COPPER LTD,2025-03-07,5,0.5006153878862883,223.85,229.44624999999996,235.0425,0.025,0.05,0.4984494441737126,0.502387523651123
RITES,RITES LIMITED,2025-03-07,5,0.5005852470877303,219.3,224.7825,230.26500000000001,0.025,0.05,0.4952567573129101,0.504944920539856
IRCON,IRCON INTERNATIONAL LTD,2025-03-07,5,0.5005718348108235,151.94,155.7385,159.537,0.025,0.05,0.49987908815509774,0.5011386275291443
TTML,TATA TELESERV(MAHARASTRA),2025-03-07,5,0.5005376481135435,60.73,62.24824999999999,63.7665,0.025,0.05,0.5011125986487219,0.5000672340393066
KPIGREEN,KPI GREEN ENERGY LIMITED,2025-03-07,5,0.500533484729106,405.35,415.48375,425.61750000000006,0.025,0.05,0.5011125986487219,0.5000596642494202
UJJIVANSFB,UJJIVAN SMALL FINANC BANK,2025-03-07,5,0.5005194333488967,34.76,35.629,36.498,0.025,0.05,0.4984494441737126,0.5022130608558655
AFFLE,AFFLE (INDIA) LIMITED,2025-03-07,5,0.5004685041986408,1482.65,1519.71625,1556.7825000000003,0.025,0.05,0.49987908815509774,0.5009507536888123
SNOWMAN,SNOWMAN LOGISTICS LTD.,2025-03-07,5,0.5004600190241881,49.68,50.922,52.164,0.025,0.05,0.5011125986487219,0.4999260902404785
ADANIENSOL,ADANI ENERGY SOLUTION LTD,2025-03-07,5,0.5002969381506469,747.6,766.29,784.98,0.025,0.05,0.4984494441737126,0.5018085241317749
PARADEEP,PARADEEP PHOSPHATES LTD,2025-03-07,5,0.5001711391528196,94.72,97.088,99.456,0.025,0.05,0.5011125986487219,0.4994008541107178
EASEMYTRIP,EASY TRIP PLANNERS LTD,2025-03-07,5,0.5001160627905563,12.5,12.812499999999998,13.125,0.025,0.05,0.4969293952659403,0.5027233362197876
WHIRLPOOL,WHIRLPOOL OF INDIA LTD,2025-03-07,5,0.4998548517706527,996.7,1021.6175,1046.535,0.025,0.05,0.4952567573129101,0.5036169290542603
HEG,HEG LTD,2025-03-07,5,0.4997257857786308,394.0,403.84999999999997,413.70000000000005,0.025,0.05,0.4968528282348072,0.5020763874053955
CONFIPET,CONFIDENCE PETRO IND LTD.,2025-03-07,5,0.4997163740478458,53.68,55.022,56.364000000000004,0.025,0.05,0.49987908815509774,0.49958324432373047
INFIBEAM,INFIBEAM AVENUES LIMITED,2025-03-07,5,0.49971194840297123,19.43,19.91575,20.401500000000002,0.025,0.05,0.49987908815509774,0.4995751976966858
JAICORPLTD,JAI CORP LIMITED,2025-03-07,5,0.499698726149375,108.45,111.16125,113.8725,0.025,0.05,0.5011125986487219,0.498541921377182
RAILTEL,RAILTEL CORP OF IND LTD,2025-03-07,5,0.4994941466172285,298.7,306.16749999999996,313.635,0.025,0.05,0.5011125986487219,0.4981699585914612
VASCONEQ,VASCON ENGINEERS LTD,2025-03-07,10,0.4994828404979505,35.59,36.47975,37.3695,0.025,0.05,0.4648069997623702,0.5803931355476379
JUSTDIAL,JUSTDIAL LTD.,2025-03-07,5,0.49946990391808227,888.75,910.9687499999999,933.1875,0.025,0.05,0.5011125986487219,0.4981258809566498
PRAJIND,PRAJ INDUSTRIES LTD,2025-03-07,5,0.4994578892753603,520.9,533.9224999999999,546.945,0.025,0.05,0.4939323453475107,0.5039787888526917
BHEL,BHEL,2025-03-07,7,0.49940852813833003,196.95,201.87374999999997,206.79749999999999,0.025,0.05,0.32789707173006727,0.8179298043251038
STEELXIND,STEEL EXCHANGE INDIA LTD,2025-03-07,5,0.49937727697353373,8.15,8.35375,8.557500000000001,0.025,0.05,0.4939323453475107,0.503832221031189
JISLJALEQS,JAIN IRRIGATION SYSTEMS,2025-03-07,5,0.49936281986694353,61.84,63.385999999999996,64.932,0.025,0.05,0.4939323453475107,0.503805935382843
DHANBANK,DHANLAXMI BANK LIMITED,2025-03-07,5,0.4990739508827994,24.17,24.77425,25.378500000000003,0.025,0.05,0.4935088917856898,0.5036271810531616
JYOTISTRUC,JYOTI STRUCTURES LTD,2025-03-07,7,0.4989326599155697,17.3,17.732499999999998,18.165000000000003,0.025,0.05,0.34256444113603507,0.789330780506134
JINDALSAW,JINDAL SAW LIMITED,2025-03-07,5,0.4988483304546357,267.25,273.93125,280.6125,0.025,0.05,0.4939323453475107,0.502870500087738
TEXRAIL,TEXMACO RAIL & ENG. LTD.,2025-03-07,5,0.4988106303532667,143.86,147.4565,151.05300000000003,0.025,0.05,0.5011125986487219,0.4969272017478943
GESHIP,THE GE SHPG.LTD,2025-03-07,10,0.49879128060663624,906.5,929.1624999999999,951.825,0.025,0.05,0.46455510630387475,0.5786756873130798
HEG,HEG LTD,2025-03-07,7,0.4987366703168506,394.0,403.84999999999997,413.70000000000005,0.025,0.05,0.228848498145121,0.9999575614929199
RPOWER,RELIANCE POWER LTD.,2025-03-07,7,0.4985751443377892,36.04,36.940999999999995,37.842,0.025,0.05,0.4548550467111758,0.5797696113586426
BLUESTARCO,BLUE STAR LIMITED,2025-03-07,5,0.4985635810216017,2100.75,2153.2687499999997,2205.7875,0.025,0.05,0.5011125986487219,0.49647802114486694
YATHARTH,YATHARTH HOSP & TRA C S L,2025-03-07,5,0.49850520931350095,390.85,400.62125,410.39250000000004,0.025,0.05,0.4968528282348072,0.4998571574687958
RBA,RESTAURANT BRAND ASIA LTD,2025-03-07,10,0.49845822319998245,65.69,67.33224999999999,68.9745,0.025,0.05,0.4616081014362673,0.5844418406486511
LXCHEM,LAXMI ORGANIC INDUS LTD,2025-03-07,5,0.4984338591578139,187.13,191.80825,196.4865,0.025,0.05,0.4952567573129101,0.5010333061218262
ONEPOINT,ONE POINT ONE SOL LTD,2025-03-07,5,0.4983265467603751,51.06,52.3365,53.61300000000001,0.025,0.05,0.5011125986487219,0.4960470497608185
CYIENTDLM,CYIENT DLM LIMITED,2025-03-07,5,0.4983023478945562,428.9,439.62249999999995,450.34499999999997,0.025,0.05,0.4935088917856898,0.5022242665290833
FORTIS,FORTIS HEALTHCARE LTD,2025-03-07,5,0.4982521454575195,629.5,645.2375,660.975,0.025,0.05,0.4952567573129101,0.5007029175758362
NAVKARCORP,NAVKAR CORPORATION LTD.,2025-03-07,5,0.49822023293572143,99.53,102.01825,104.5065,0.025,0.05,0.5011125986487219,0.4958537518978119
SCI,SHIPPING CORP OF INDIA LT,2025-03-07,5,0.4981540066681804,157.69,161.63224999999997,165.5745,0.025,0.05,0.49987908815509774,0.4967425763607025
KARURVYSYA,KARUR VYSYA BANK LTD,2025-03-07,7,0.4979460063586708,204.03,209.13074999999998,214.2315,0.025,0.05,0.30886309009485924,0.8490999937057495
BLISSGVS,BLISS GVS PHARMA LTD,2025-03-07,5,0.49789012900191026,124.83,127.95074999999999,131.07150000000001,0.025,0.05,0.5011125986487219,0.4952535629272461
MGL,MAHANAGAR GAS LTD.,2025-03-07,5,0.49788446867073266,1284.0,1316.1,1348.2,0.025,0.05,0.4935088917856898,0.5014644861221313
RATEGAIN,RATEGAIN TRAVEL TECHN LTD,2025-03-07,10,0.49780786051319736,506.35,519.00875,531.6675,0.025,0.05,0.45792154774732113,0.5908759236335754
JPASSOCIAT,JAIPRAKASH ASSOCIATES LTD,2025-03-07,5,0.4975133188890507,4.7,4.8175,4.9350000000000005,0.025,0.05,0.494831808921825,0.49970728158950806
EMAMILTD,EMAMI LIMITED,2025-03-07,5,0.49749304496849267,551.75,565.5437499999999,579.3375,0.025,0.05,0.4935088917856898,0.5007528066635132
PNCINFRA,PNC INFRATECH LTD.,2025-03-07,5,0.497341454446642,270.35,277.10875,283.86750000000006,0.025,0.05,0.4913715332091482,0.502225935459137
TANLA,TANLA PLATFORMS LIMITED,2025-03-07,5,0.4973316250562731,470.85,482.62125,494.39250000000004,0.025,0.05,0.49126977353627227,0.5022913217544556
LLOYDSME,LLOYDS METALS N ENERGY L,2025-03-07,5,0.4971732400973387,1151.7,1180.4924999999998,1209.285,0.025,0.05,0.5011125986487219,0.49395012855529785
JKTYRE,JK TYRE & INDUSTRIES LTD,2025-03-07,5,0.49717302571560285,279.65,286.64124999999996,293.6325,0.025,0.05,0.4952567573129101,0.49874088168144226
IRFC,INDIAN RAILWAY FIN CORP L,2025-03-07,5,0.497135649557955,123.42,126.5055,129.591,0.025,0.05,0.4935088917856898,0.5001029968261719
USHAMART,USHA MARTIN LTD.,2025-03-07,5,0.4969573084715291,332.9,341.22249999999997,349.545,0.025,0.05,0.4913715332091482,0.5015274882316589
PARAGMILK,PARAG MILK FOODS LTD.,2025-03-07,5,0.49682356330792465,162.78,166.84949999999998,170.919,0.025,0.05,0.4969293952659403,0.49673697352409363
GREENPOWER,ORIENT GREEN POWER CO LTD,2025-03-07,5,0.496761474819953,13.1,13.427499999999998,13.755,0.025,0.05,0.5011125986487219,0.49320146441459656
DHANBANK,DHANLAXMI BANK LIMITED,2025-03-07,7,0.4967474873904079,24.17,24.77425,25.378500000000003,0.025,0.05,0.44102043311468914,0.6002405881881714
CHALET,CHALET HOTELS LIMITED,2025-03-07,5,0.4966464685849303,790.3,810.0574999999999,829.8149999999999,0.025,0.05,0.49269905409370385,0.4998761713504791
NIACL,THE NEW INDIA ASSU CO LTD,2025-03-07,5,0.49662499570453855,151.98,155.77949999999998,159.579,0.025,0.05,0.4935088917856898,0.4991745352745056
KCP,KCP LTD,2025-03-07,5,0.49656522911819656,195.87,200.76674999999997,205.66350000000003,0.025,0.05,0.4913715332091482,0.5008146166801453
KEC,KEC INTL. LIMITED,2025-03-07,5,0.4965410683754369,723.0,741.0749999999999,759.15,0.025,0.05,0.4913715332091482,0.5007706880569458
HEXT,HEXAWARE TECHNOLOGIES LTD,2025-03-07,5,0.4964445795760045,781.75,801.2937499999999,820.8375000000001,0.025,0.05,0.4944893510574521,0.49804431200027466
GODREJPROP,GODREJ PROPERTIES LTD,2025-03-07,5,0.49628161483610367,2008.35,2058.5587499999997,2108.7675,0.025,0.05,0.4935088917856898,0.4985502064228058
TDPOWERSYS,TD POWER SYSTEMS LTD.,2025-03-07,5,0.49617248154506105,353.4,362.23499999999996,371.07,0.025,0.05,0.49987908815509774,0.4931398034095764
COCHINSHIP,COCHIN SHIPYARD LIMITED,2025-03-07,5,0.49601648575887103,1335.85,1369.2462499999997,1402.6425,0.025,0.05,0.49987908815509774,0.4928561747074127
PFC,POWER FIN CORP LTD.,2025-03-07,10,0.4957359766590582,401.1,411.1275,421.15500000000003,0.025,0.05,0.4597931129063861,0.5796026587486267
IDEA,VODAFONE IDEA LIMITED,2025-03-07,7,0.4957025624588255,7.55,7.73875,7.9275,0.025,0.05,0.3486605160167774,0.7687806487083435
HEMIPROP,HEMISPHERE PROP IND LTD,2025-03-07,5,0.4956387201848409,127.81,131.00525,134.2005,0.025,0.05,0.49267006801295754,0.49806761741638184
WOCKPHARMA,WOCKHARDT LIMITED,2025-03-07,5,0.49558994811805923,1319.65,1352.64125,1385.6325000000002,0.025,0.05,0.4913715332091482,0.4990413784980774
SURYAROSNI,SURYA ROSHNI LTD,2025-03-07,5,0.4955530279000349,244.28,250.38699999999997,256.494,0.025,0.05,0.5011125986487219,0.4910042881965637
VIKASLIFE,VIKAS LIFECARE LIMITED,2025-03-07,5,0.4954037268165037,3.19,3.2697499999999997,3.3495,0.025,0.05,0.4913715332091482,0.4987027943134308
PRESTIGE,PRESTIGE ESTATE LTD,2025-03-07,5,0.4953888006216976,1144.85,1173.4712499999998,1202.0925,0.025,0.05,0.4896737021884858,0.5000647902488708
ALEMBICLTD,ALEMBIC LIMITED,2025-03-07,5,0.4953479472998067,99.27,101.75174999999999,104.2335,0.025,0.05,0.4913715332091482,0.49860137701034546
SARVESHWAR,SARVESHWAR FOODS LIMITED,2025-03-07,5,0.49521402406861126,7.28,7.462,7.644000000000001,0.025,0.05,0.4911338452535588,0.4985523521900177
ANGELONE,ANGEL ONE LIMITED,2025-03-07,5,0.4950466920140668,2098.0,2150.45,2202.9,0.025,0.05,0.4913715332091482,0.498053640127182
PIIND,PI INDUSTRIES LTD,2025-03-07,5,0.49497320748616963,3219.1,3299.5774999999994,3380.055,0.025,0.05,0.4843796645546336,0.5036406517028809
KIMS,KRISHNA INST OF MED SCI L,2025-03-07,5,0.49493845190558383,512.5,525.3125,538.125,0.025,0.05,0.4883464858698303,0.5003318786621094
BLS,BLS INTL SERVS LTD,2025-03-07,5,0.49481040485363015,347.25,355.93125,364.6125,0.025,0.05,0.4939323453475107,0.49552881717681885
WELENT,WELSPUN ENTERPRISES LTD.,2025-03-07,5,0.49473011088403906,440.5,451.5125,462.52500000000003,0.025,0.05,0.4913715332091482,0.49747803807258606
LODHA,MACROTECH DEVELOPERS LTD,2025-03-07,5,0.4945990174373457,1113.0,1140.8249999999998,1168.65,0.025,0.05,0.4935088917856898,0.4954909384250641
MEDANTA,GLOBAL HEALTH LIMITED,2025-03-07,5,0.49459413673434205,1226.2,1256.855,1287.51,0.025,0.05,0.4883464858698303,0.49970585107803345
HAL,HINDUSTAN AERONAUTICS LTD,2025-03-07,5,0.49452693126260794,3452.05,3538.3512499999997,3624.6525,0.025,0.05,0.49107431949640973,0.4973517954349518
SCHNEIDER,SCHNEIDER ELECTRIC INFRA,2025-03-07,5,0.49444268983635153,632.7,648.5175,664.335,0.025,0.05,0.4913715332091482,0.4969554543495178
RENUKA,SHREE RENUKA SUGARS LTD,2025-03-07,5,0.494315144190024,29.15,29.878749999999997,30.607499999999998,0.025,0.05,0.4884849450518259,0.49908530712127686
RELIGARE,RELIGARE ENTER. LTD.,2025-03-07,5,0.4942211279635595,235.76,241.65399999999997,247.548,0.025,0.05,0.480384312153959,0.5055421590805054
VGUARD,V-GUARD IND LTD.,2025-03-07,5,0.4940841394324018,330.85,339.12125,347.39250000000004,0.025,0.05,0.4893269048043783,0.4979764223098755
CMSINFO,CMS INFO SYSTEMS LIMITED,2025-03-07,5,0.4940178227406118,452.75,464.06874999999997,475.38750000000005,0.025,0.05,0.4899423844243362,0.49735227227211
SARDAEN,SARDA ENERGY & MIN LTD,2025-03-07,5,0.4935905609749368,471.05,482.82624999999996,494.6025,0.025,0.05,0.4918929314663257,0.49497953057289124
ZEEL,ZEE ENTERTAINMENT ENT LTD,2025-03-07,10,0.4935884238676896,103.97,106.56925,109.16850000000001,0.025,0.05,0.45792154774732113,0.5768111348152161
JAMNAAUTO,JAMNA AUTO IND LTD,2025-03-07,10,0.4934522570567002,74.96,76.83399999999999,78.708,0.025,0.05,0.45792154774732113,0.5763572454452515
ADANIGREEN,ADANI GREEN ENERGY LTD,2025-03-07,5,0.49338825535806863,837.2,858.13,879.0600000000001,0.025,0.05,0.4913715332091482,0.49503830075263977
EPL,EPL LIMITED,2025-03-07,5,0.49328384292158334,207.07,212.24674999999996,217.4235,0.025,0.05,0.4913715332091482,0.49484845995903015
DCAL,DISHMAN CARBO AMCIS LTD,2025-03-07,7,0.49323666257417315,214.83,220.20075,225.57150000000001,0.025,0.05,0.23148834954096892,0.979340672492981
TEXINFRA,TEXMACO INFRA & HOLDG LTD,2025-03-07,5,0.4931374523967922,99.31,101.79275,104.27550000000001,0.025,0.05,0.47681935715022356,0.5064886212348938
GICRE,GENERAL INS CORP OF INDIA,2025-03-07,5,0.4930350509267423,382.4,391.9599999999999,401.52,0.025,0.05,0.4899423844243362,0.49556541442871094
GMDCLTD,GUJARAT MINERAL DEV CORP,2025-03-07,5,0.49292810543951027,261.81,268.35524999999996,274.9005,0.025,0.05,0.4870561523476492,0.4977324306964874
JMFINANCIL,JM FINANCIAL LIMITED,2025-03-07,5,0.49279579165158915,97.5,99.93749999999999,102.375,0.025,0.05,0.4956959506445074,0.49042293429374695
PFS,PTC INDIA FIN SERV LTD,2025-03-07,5,0.49271176244769044,32.0,32.8,33.6,0.025,0.05,0.4883464858698303,0.4962833523750305
MOTILALOFS,MOTILAL OSWAL FIN LTD,2025-03-07,5,0.4926084919231795,605.45,620.58625,635.7225000000001,0.025,0.05,0.4870561523476492,0.49715131521224976
SAPPHIRE,SAPPHIRE FOODS INDIA LTD,2025-03-07,5,0.49244008959213204,337.75,346.19374999999997,354.6375,0.025,0.05,0.48705874219822226,0.49684301018714905
EDELWEISS,EDELWEISS FIN SERV LTD,2025-03-07,5,0.4923370663526937,94.43,96.79075,99.15150000000001,0.025,0.05,0.4913715332091482,0.4931270480155945
CASTROLIND,CASTROL INDIA LIMITED,2025-03-07,5,0.49230317589922046,240.67,246.68674999999996,252.7035,0.025,0.05,0.48807832195324574,0.49575987458229065
NSLNISP,NMDC STEEL LIMITED,2025-03-07,5,0.4921661871659214,37.26,38.1915,39.123,0.025,0.05,0.486751305391933,0.4965965449810028
BEPL,BHANSALI ENG. POLYMERS LT,2025-03-07,5,0.4917529579978559,108.65,111.36625,114.08250000000001,0.025,0.05,0.4899423844243362,0.4932343363761902
JYOTHYLAB,JYOTHY LABS LIMITED,2025-03-07,5,0.49147196992811193,329.8,338.04499999999996,346.29,0.025,0.05,0.4870561523476492,0.4950849115848541
MAXHEALTH,MAX HEALTHCARE INS LTD,2025-03-07,5,0.4913432139145787,980.75,1005.26875,1029.7875000000001,0.025,0.05,0.486751305391933,0.4951002299785614
NFL,NATIONAL FERT. LTD,2025-03-07,5,0.4912967098681189,83.38,85.46449999999999,87.54899999999999,0.025,0.05,0.48338992351250665,0.4977658987045288
FILATEX,FILATEX INDIA LTD,2025-03-07,5,0.49109992820193105,40.37,41.37924999999999,42.3885,0.025,0.05,0.4911338452535588,0.4910721778869629
CENTRALBK,CENTRAL BANK OF INDIA,2025-03-07,7,0.4909937646339312,44.43,45.540749999999996,46.6515,0.025,0.05,0.33516006689040706,0.7803992033004761
POLICYBZR,PB FINTECH LIMITED,2025-03-07,5,0.4908693094256803,1397.8,1432.745,1467.69,0.025,0.05,0.4913715332091482,0.4904583990573883
ASHOKA,ASHOKA BUILDCON LTD,2025-03-07,5,0.4908445604967167,189.41,194.14524999999998,198.8805,0.025,0.05,0.494831808921825,0.487582266330719
MANKIND,MANKIND PHARMA LIMITED,2025-03-07,5,0.49039246312675555,2316.05,2373.95125,2431.8525000000004,0.025,0.05,0.48633138055928715,0.49371516704559326
ELECTCAST,ELECTROSTEEL CASTINGS LTD,2025-03-07,5,0.49029443098372893,102.02,104.57049999999998,107.121,0.025,0.05,0.49064947131092185,0.49000394344329834
SPANDANA,SPANDANA SPHOORTY FIN LTD,2025-03-07,5,0.4902705473391519,273.4,280.23499999999996,287.07,0.025,0.05,0.4884849450518259,0.4917314946651459
MICEL,MIC ELECTRONICS LTD,2025-03-07,5,0.49024257684270084,61.15,62.678749999999994,64.2075,0.025,0.05,0.49269905409370385,0.48823273181915283
INOXWIND,INOX WIND LIMITED,2025-03-07,5,0.4902398386284075,170.75,175.01874999999998,179.2875,0.025,0.05,0.4897011968127801,0.4906805455684662
GATEWAY,GATEWAY DISTRIPARKS LTD,2025-03-07,5,0.49021428108090703,63.29,64.87225,66.4545,0.025,0.05,0.486751305391933,0.4930476248264313
EQUITASBNK,EQUITAS SMALL FIN BNK LTD,2025-03-07,5,0.49013389953121805,59.26,60.741499999999995,62.223,0.025,0.05,0.4858503707723543,0.4936386048793793
RAMASTEEL,RAMA STEEL TUBES LIMITED,2025-03-07,5,0.490093223114347,10.35,10.608749999999999,10.8675,0.025,0.05,0.4883464858698303,0.4915223717689514
ATGL,ADANI TOTAL GAS LIMITED,2025-03-07,5,0.48996447801465337,607.2,622.38,637.5600000000001,0.025,0.05,0.486751305391933,0.4925934374332428
IRB,IRB INFRA DEV LTD.,2025-03-07,5,0.48992984292272723,44.51,45.622749999999996,46.7355,0.025,0.05,0.4850046137386781,0.49395957589149475
HUDCO,HSG & URBAN DEV CORPN LTD,2025-03-07,5,0.48979292658332985,182.27,186.82675,191.38350000000003,0.025,0.05,0.4850046137386781,0.49371063709259033
SONACOMS,SONA BLW PRECISION FRGS L,2025-03-07,5,0.48947655886287045,517.6,530.54,543.48,0.025,0.05,0.486751305391933,0.49170631170272827
NBCC,NBCC (INDIA) LIMITED,2025-03-07,5,0.4894224164811827,80.76,82.779,84.79800000000002,0.025,0.05,0.48338992351250665,0.494358092546463
FSL,FIRSTSOURCE SOLU. LTD.,2025-03-07,5,0.4894059845575798,353.3,362.1325,370.96500000000003,0.025,0.05,0.48546070716317224,0.4926339387893677
HSCL,HIMADRI SPECIALITY CHEM L,2025-03-07,5,0.4891199175718709,434.8,445.66999999999996,456.54,0.025,0.05,0.4913715332091482,0.48727768659591675
TRIVENI,TRIVENI ENGG. & INDS. LTD,2025-03-07,5,0.48897787950334626,374.15,383.50374999999997,392.8575,0.025,0.05,0.48633138055928715,0.49114319682121277
BSE,BSE LIMITED,2025-03-07,5,0.48886951229141484,4178.3,4282.7575,4387.215,0.025,0.05,0.4865745443142416,0.49074721336364746
ORIENTHOT,ORIENT HOTELS LTD,2025-03-07,10,0.4888323386322053,149.79,153.53474999999997,157.27949999999998,0.025,0.05,0.45699318247332354,0.5631237030029297
YESBANK,YES BANK LIMITED,2025-03-07,7,0.488654052322426,16.88,17.301999999999996,17.724,0.025,0.05,0.3227334742443968,0.7967922687530518
GRANULES,GRANULES INDIA LIMITED,2025-03-07,5,0.48859151152137914,493.15,505.47874999999993,517.8075,0.025,0.05,0.4850046137386781,0.4915262460708618
SHRIRAMPPS,SHRIRAM PROPERTIES LTD,2025-03-07,5,0.4884102507250482,73.36,75.19399999999999,77.028,0.025,0.05,0.4911338452535588,0.4861818552017212
MSUMI,MOTHERSON SUMI WRNG IND L,2025-03-07,5,0.48827619386810595,52.55,53.86374999999999,55.1775,0.025,0.05,0.48750210102175184,0.4889095425605774
GEOJITFSL,GEOJIT FINANCIAL SER L,2025-03-07,5,0.48799604297450844,78.86,80.83149999999999,82.803,0.025,0.05,0.4880387346120159,0.4879611134529114
ZOMATO,ZOMATO LIMITED,2025-03-07,5,0.4879827771535531,216.83,222.25074999999998,227.6715,0.025,0.05,0.4833224424501294,0.49179577827453613
RAJESHEXPO,RAJESH EXPORTS LTD,2025-03-07,7,0.4878334552222687,160.96,164.98399999999998,169.008,0.025,0.05,0.34610821194743463,0.7510374784469604
ZENSARTECH,ZENSAR TECHNOLOGIES  LTD,2025-03-07,5,0.48733246984424483,742.85,761.42125,779.9925000000001,0.025,0.05,0.4833632754472073,0.4905799925327301
SJVN,SJVN LTD,2025-03-07,5,0.48728666749958194,87.76,89.954,92.14800000000001,0.025,0.05,0.4850046137386781,0.48915380239486694
CONCOR,CONTAINER CORP OF IND LTD,2025-03-07,5,0.4872539947372125,656.65,673.06625,689.4825,0.025,0.05,0.4816715639921131,0.49182143807411194
NEWGEN,NEWGEN SOFTWARE TECH LTD,2025-03-07,5,0.48715670106176534,992.1,1016.9024999999999,1041.7050000000002,0.025,0.05,0.4850046137386781,0.4889174997806549
GAEL,GUJARAT AMBUJA EXPORTS LT,2025-03-07,5,0.4870940044260422,108.68,111.39699999999999,114.11400000000002,0.025,0.05,0.4850046137386781,0.488803505897522
SEPC,SEPC LIMITED,2025-03-07,5,0.4870394826182104,14.28,14.636999999999999,14.994,0.025,0.05,0.48872105286041373,0.48566365242004395
KTKBANK,KARNATAKA BANK LIMITED,2025-03-07,10,0.4868706730111433,179.43,183.91575,188.40150000000003,0.025,0.05,0.45787825287864226,0.5545196533203125
VBL,VARUN BEVERAGES LIMITED,2025-03-07,5,0.48679277064742943,487.75,499.94374999999997,512.1375,0.025,0.05,0.4833632754472073,0.48959872126579285
INDIACEM,THE INDIA CEMENTS LIMITED,2025-03-07,10,0.48667973689831423,297.0,304.42499999999995,311.85,0.025,0.05,0.4555124188121888,0.5594034790992737
JYOTISTRUC,JYOTI STRUCTURES LTD,2025-03-07,10,0.4864802956485895,17.3,17.732499999999998,18.165000000000003,0.025,0.05,0.46573762381419515,0.5348798632621765
DHANBANK,DHANLAXMI BANK LIMITED,2025-03-07,10,0.4859864830875543,24.17,24.77425,25.378500000000003,0.025,0.05,0.46573762381419515,0.5332338213920593
MANINFRA,MAN INFRA LTD,2025-03-07,7,0.48596672406613095,154.1,157.9525,161.805,0.025,0.05,0.4175630485525385,0.6130021214485168
EIHOTEL,EIH LIMITED,2025-03-07,5,0.4858690220569881,339.75,348.24375,356.7375,0.025,0.05,0.4821199749256311,0.4889364242553711
JUBLFOOD,JUBILANT FOODWORKS LTD,2025-03-07,5,0.485803079948357,602.8,617.8699999999999,632.9399999999999,0.025,0.05,0.4821199749256311,0.4888165295124054
SYRMA,SYRMA SGS TECHNOLOGY LTD,2025-03-07,5,0.4853863189407432,449.55,460.78875,472.02750000000003,0.025,0.05,0.4867635589591316,0.4842594861984253
ASHAPURMIN,ASHAPURA MINECHEM LTD,2025-03-07,5,0.4853802987931396,327.15,335.32874999999996,343.5075,0.025,0.05,0.4862883110837197,0.48463737964630127
PTC,PTC INDIA LIMITED,2025-03-07,5,0.4852965205645958,153.32,157.153,160.986,0.025,0.05,0.4850046137386781,0.4855353534221649
TRIDENT,TRIDENT LIMITED,2025-03-07,5,0.48491646095067376,25.36,25.993999999999996,26.628,0.025,0.05,0.47867897581060975,0.49001985788345337
PAISALO,PAISALO DIGITAL LIMITED,2025-03-07,5,0.4848247841087908,37.86,38.80649999999999,39.753,0.025,0.05,0.48705874219822226,0.48299700021743774
NYKAA,FSN E COMMERCE VENTURES,2025-03-07,5,0.4847336618413382,164.79,168.90974999999997,173.0295,0.025,0.05,0.48750210102175184,0.4824685752391815
ALLCARGO,ALLCARGO LOGISTICS LTD,2025-03-07,5,0.48464782178384314,33.04,33.866,34.692,0.025,0.05,0.4862883110837197,0.48330560326576233
IIFL,IIFL FINANCE LIMITED,2025-03-07,5,0.4845753375891133,322.1,330.1525,338.20500000000004,0.025,0.05,0.4913715332091482,0.4790148138999939
MINDACORP,MINDA CORPORATION LTD,2025-03-07,5,0.48448366117510044,519.95,532.94875,545.9475000000001,0.025,0.05,0.4913715332091482,0.4788481295108795
GSFC,GUJ STATE FERT & CHEM LTD,2025-03-07,5,0.48443868641608084,178.53,182.99325,187.4565,0.025,0.05,0.4821199749256311,0.486335813999176
LTFOODS,LT FOODS LIMITED,2025-03-07,5,0.4843901700014104,350.05,358.80125,367.5525,0.025,0.05,0.4833632754472073,0.48523035645484924
HINDOILEXP,HINDUSTAN OIL EXPLORATION,2025-03-07,5,0.4841846397751798,178.44,182.90099999999998,187.362,0.025,0.05,0.4833632754472073,0.48485666513442993
JKPAPER,JK PAPER LIMITED,2025-03-07,5,0.48399536792986714,310.1,317.8525,325.605,0.025,0.05,0.4821199749256311,0.4855297803878784
CANFINHOME,CAN FIN HOMES LTD,2025-03-07,5,0.483919379051573,629.6,645.3399999999999,661.08,0.025,0.05,0.4935088917856898,0.47607341408729553
RBLBANK,RBL BANK LIMITED,2025-03-07,5,0.4838423293171414,163.79,167.88474999999997,171.9795,0.025,0.05,0.4801963824559335,0.4868253767490387
RECLTD,REC LIMITED,2025-03-07,5,0.48341023562044977,406.2,416.35499999999996,426.51,0.025,0.05,0.48546070716317224,0.481732577085495
TARC,TARC LIMITED,2025-03-07,5,0.4832522982413128,122.35,125.40874999999998,128.4675,0.025,0.05,0.48259320061616434,0.4837915599346161
UTKARSHBNK,UTKARSH SMALL FIN BANK L,2025-03-07,5,0.4832222191421247,23.35,23.93375,24.517500000000002,0.025,0.05,0.48338992351250665,0.4830850064754486
JSL,JINDAL STAINLESS LIMITED,2025-03-07,5,0.4832205923336929,654.6,670.9649999999999,687.33,0.025,0.05,0.4785462920176068,0.487045019865036
ATGL,ADANI TOTAL GAS LIMITED,2025-03-07,10,0.4830991448359361,607.2,622.38,637.5600000000001,0.025,0.05,0.45792154774732113,0.5418468713760376
NATIONALUM,NATIONAL ALUMINIUM CO LTD,2025-03-07,5,0.4828410213248091,195.17,200.04924999999997,204.92849999999999,0.025,0.05,0.4805059278576808,0.48475155234336853
VAKRANGEE,VAKRANGEE LIMITED,2025-03-07,5,0.4828020185753366,13.8,14.145,14.490000000000002,0.025,0.05,0.48269032119041466,0.4828934073448181
MOL,MEGHMANI ORGANICS LIMITED,2025-03-07,5,0.482788381032612,69.63,71.37074999999999,73.11149999999999,0.025,0.05,0.48269032119041466,0.48286861181259155
PERSISTENT,PERSISTENT SYSTEMS LTD,2025-03-07,5,0.48274997204417536,5278.8,5410.7699999999995,5542.740000000001,0.025,0.05,0.486751305391933,0.4794761538505554
LTFOODS,LT FOODS LIMITED,2025-03-07,10,0.48266248120831157,350.05,358.80125,367.5525,0.025,0.05,0.45792154774732113,0.5403913259506226
PRAKASH,PRAKASH INDUSTRIES LTD,2025-03-07,5,0.4824302813643445,157.14,161.06849999999997,164.99699999999999,0.025,0.05,0.4833632754472073,0.4816669225692749
NHPC,NHPC LTD,2025-03-07,10,0.4823775207626807,77.03,78.95575,80.8815,0.025,0.05,0.4597931129063861,0.5350744724273682
AVANTIFEED,AVANTI FEEDS LIMITED,2025-03-07,5,0.48236639476699694,798.7,818.6675,838.6350000000001,0.025,0.05,0.4884849450518259,0.4773603081703186
GREAVESCOT,GREAVES COTTON LTD.,2025-03-07,5,0.48191361031255653,237.2,243.12999999999997,249.06,0.025,0.05,0.48101931923675373,0.48264530301094055
FIVESTAR,FIVE-STAR BUS FIN LTD,2025-03-07,5,0.48187043728771106,688.45,705.66125,722.8725000000001,0.025,0.05,0.4833632754472073,0.48064902424812317
PSB,PUNJAB & SIND BANK,2025-03-07,5,0.4818052695375201,41.65,42.69125,43.7325,0.025,0.05,0.4819353490364809,0.4816988408565521
BCLIND,BCL INDUSTRIES LIMITED,2025-03-07,10,0.4818015575313715,40.53,41.54325,42.5565,0.025,0.05,0.46573762381419515,0.5192840695381165
DEVYANI,DEVYANI INTERNATIONAL LTD,2025-03-07,5,0.4817409043566542,168.88,173.10199999999998,177.324,0.025,0.05,0.4805059278576808,0.48275133967399597
HFCL,HFCL LIMITED,2025-03-07,5,0.4816034821597792,83.87,85.96674999999999,88.0635,0.025,0.05,0.48338992351250665,0.48014184832572937
CHAMBLFERT,CHAMBAL FERTILIZERS LTD,2025-03-07,5,0.48153972511046256,571.2,585.48,599.7600000000001,0.025,0.05,0.4821199749256311,0.48106497526168823
DBREALTY,VALOR ESTATE LIMITED,2025-03-07,5,0.4814591139642329,133.82,137.16549999999998,140.511,0.025,0.05,0.48705874219822226,0.4768775999546051
ENGINERSIN,ENGINEERS INDIA LTD,2025-03-07,5,0.4814263919050053,161.37,165.40425,169.4385,0.025,0.05,0.48259320061616434,0.48047173023223877
PATELENG,PATEL ENGINEERING LTD.,2025-03-07,5,0.48137844631354576,43.48,44.56699999999999,45.653999999999996,0.025,0.05,0.48338992351250665,0.4797326922416687
BHEL,BHEL,2025-03-07,5,0.4811275043568073,196.95,201.87374999999997,206.79749999999999,0.025,0.05,0.47700280800595507,0.48450225591659546
REDINGTON,REDINGTON LIMITED,2025-03-07,5,0.48078417038169113,251.11,257.38775,263.6655,0.025,0.05,0.48269032119041466,0.4792245924472809
SDBL,SOM DIST & BREW LTD,2025-03-07,5,0.48062507450562963,124.23,127.33574999999999,130.44150000000002,0.025,0.05,0.4862883110837197,0.47599151730537415
EMIL,ELECTRONICS MART IND LTD,2025-03-07,5,0.48011171609145653,132.03,135.33075,138.63150000000002,0.025,0.05,0.4862883110837197,0.4750581383705139
SOUTHBANK,THE SOUTH INDIAN BANK LTD,2025-03-07,10,0.4800573349482529,25.5,26.1375,26.775000000000002,0.025,0.05,0.4701173135903213,0.5032507181167603
DELHIVERY,DELHIVERY LIMITED,2025-03-07,5,0.4798620909190575,255.45,261.83624999999995,268.2225,0.025,0.05,0.4850046137386781,0.47565457224845886
CENTRALBK,CENTRAL BANK OF INDIA,2025-03-07,10,0.4798126238193815,44.43,45.540749999999996,46.6515,0.025,0.05,0.4613574172211127,0.5228747725486755
JUBLPHARMA,JUBILANT PHARMOVA LTD,2025-03-07,5,0.47975916841904886,910.1,932.8525,955.605,0.025,0.05,0.48338992351250665,0.47678855061531067
FCL,FINEOTEX CHEMICAL LIMITED,2025-03-07,5,0.47975119105300834,238.34,244.2985,250.257,0.025,0.05,0.48101931923675373,0.47871363162994385
MSUMI,MOTHERSON SUMI WRNG IND L,2025-03-07,10,0.4795238606572153,52.55,53.86374999999999,55.1775,0.025,0.05,0.46366767265115494,0.5165216326713562
GSPL,GUJARAT STATE PETRO LTD,2025-03-07,5,0.47949433654422113,288.2,295.405,302.61,0.025,0.05,0.486751305391933,0.4735568165779114
AMBER,AMBER ENTERPRISES (I) LTD,2025-03-07,5,0.47947422764024666,6339.15,6497.628749999999,6656.1075,0.025,0.05,0.48101931923675373,0.47821006178855896
GPIL,GODAWARI POW & ISP LTD,2025-03-07,5,0.47938949679928833,179.04,183.51599999999996,187.992,0.025,0.05,0.49649497018032185,0.46539410948753357
EDELWEISS,EDELWEISS FIN SERV LTD,2025-03-07,10,0.4793260635332932,94.43,96.79075,99.15150000000001,0.025,0.05,0.45792154774732113,0.5292699337005615
AVALON,AVALON TECHNOLOGIES LTD,2025-03-07,5,0.4789277916284554,710.45,728.21125,745.9725000000001,0.025,0.05,0.48101931923675373,0.47721654176712036
SUMICHEM,SUMITOMO CHEM INDIA LTD,2025-03-07,5,0.4788599880474991,491.9,504.19749999999993,516.495,0.025,0.05,0.4785462920176068,0.47911664843559265
GENESYS,GENESYS INTL CORPN LTD,2025-03-07,5,0.47862491505845306,742.95,761.52375,780.0975000000001,0.025,0.05,0.4823411514914459,0.47558435797691345
GESHIP,THE GE SHPG.LTD,2025-03-07,5,0.4786218862731545,906.5,929.1624999999999,951.825,0.025,0.05,0.4839143214400805,0.47429171204566956
SURYAROSNI,SURYA ROSHNI LTD,2025-03-07,10,0.4786202849345078,244.28,250.38699999999997,256.494,0.025,0.05,0.45792154774732113,0.5269173383712769
DCW,DCW LTD,2025-03-07,10,0.4784524680571427,77.74,79.68349999999998,81.627,0.025,0.05,0.45792154774732113,0.5263579487800598
VSTIND,VST INDUSTRIES LTD,2025-03-07,5,0.47834036434501986,265.05,271.67625,278.3025,0.025,0.05,0.47700280800595507,0.4794347286224365
CREDITACC,CREDITACCESS GRAMEEN LTD,2025-03-07,5,0.47831309905266284,964.75,988.8687499999999,1012.9875000000001,0.025,0.05,0.4724581842205152,0.483103483915329
SONATSOFTW,SONATA SOFTWARE LTD,2025-03-07,5,0.4782915754048086,390.75,400.51874999999995,410.2875,0.025,0.05,0.48338992351250665,0.47412019968032837
MOREPENLAB,MOREPEN LAB. LTD,2025-03-07,10,0.47828402533100745,49.68,50.922,52.164,0.025,0.05,0.45792154774732113,0.5257964730262756
TORNTPOWER,TORRENT POWER LTD,2025-03-07,5,0.47822146528344234,1332.0,1365.3,1398.6000000000001,0.025,0.05,0.4801963824559335,0.476605623960495
PNB,PUNJAB NATIONAL BANK,2025-03-07,10,0.47812878162701855,91.17,93.44924999999999,95.72850000000001,0.025,0.05,0.45787825287864226,0.52538001537323
PCBL,PCBL CHEMICAL LIMITED,2025-03-07,5,0.47796164877099856,391.1,400.8775,410.65500000000003,0.025,0.05,0.4884849450518259,0.4693516790866852
NIITLTD,NIIT LIMITED,2025-03-07,5,0.4779263347474665,123.38,126.46449999999999,129.549,0.025,0.05,0.48705874219822226,0.4704543650150299
IFCI,IFCI LTD,2025-03-07,5,0.4778956887124647,44.44,45.550999999999995,46.662,0.025,0.05,0.4785223232372314,0.47738298773765564
BDL,BHARAT DYNAMICS LIMITED,2025-03-07,5,0.4776519340353376,1135.2,1163.58,1191.96,0.025,0.05,0.4880387346120159,0.46915364265441895
ELECON,ELECON ENG. CO. LTD,2025-03-07,5,0.47756722390638484,437.55,448.48875,459.4275,0.025,0.05,0.4785223232372314,0.4767857789993286
SOBHA,SOBHA LIMITED,2025-03-07,5,0.47720634913325655,1241.85,1272.8962499999998,1303.9424999999999,0.025,0.05,0.48167289905813776,0.4735518991947174
PNBHOUSING,PNB HOUSING FIN LTD.,2025-03-07,5,0.47708948031802434,818.2,838.655,859.1100000000001,0.025,0.05,0.47866003879219193,0.47580447793006897
SHK,S H KELKAR AND CO. LTD.,2025-03-07,5,0.47708476485646495,187.25,191.93124999999998,196.6125,0.025,0.05,0.4746915036183093,0.4790428876876831
MARKSANS,MARKSANS PHARMA LIMITED,2025-03-07,5,0.4770362522771997,207.17,212.34924999999996,217.5285,0.025,0.05,0.48181472808587167,0.4731265902519226
HAPPSTMNDS,HAPPIEST MINDS TECHNO LTD,2025-03-07,5,0.4769663383619146,695.45,712.83625,730.2225000000001,0.025,0.05,0.4805059278576808,0.47407031059265137
CAMLINFINE,CAMLIN FINE SCIENCES LTD,2025-03-07,5,0.4769464437097729,169.69,173.93224999999998,178.1745,0.025,0.05,0.47681935715022356,0.47705042362213135
MOTHERSON,SAMVRDHNA MTHRSN INTL LTD,2025-03-07,5,0.47686284203710017,127.79,130.98475,134.17950000000002,0.025,0.05,0.4785462920176068,0.4754854738712311
GIPCL,GUJ IND POW CO. LTD,2025-03-07,5,0.4767544035318776,171.63,175.92074999999997,180.2115,0.025,0.05,0.4913715332091482,0.46479493379592896
TECHNOE,TECHNO ELEC & ENG CO. LTD,2025-03-07,5,0.47659876167760984,956.55,980.4637499999999,1004.3774999999999,0.025,0.05,0.4785223232372314,0.475024938583374
RKFORGE,RAMKRISHNA FORGINGS LTD,2025-03-07,5,0.4764373654125358,715.95,733.84875,751.7475000000001,0.025,0.05,0.4862883110837197,0.4683775007724762
IMAGICAA,IMAGICAAWORLD ENT LTD,2025-03-07,5,0.47627612144296916,65.63,67.27074999999999,68.9115,0.025,0.05,0.48259320061616434,0.4711076021194458
IDEA,VODAFONE IDEA LIMITED,2025-03-07,5,0.47596136075290885,7.55,7.73875,7.9275,0.025,0.05,0.4913715332091482,0.4633530378341675
SHAREINDIA,SHARE IND. SECURITIES LTD,2025-03-07,5,0.4757805860275258,185.92,190.56799999999998,195.216,0.025,0.05,0.4833632754472073,0.46957656741142273
SEQUENT,SEQUENT SCIENTIFIC LTD.,2025-03-07,10,0.4756654025511613,155.35,159.23375,163.1175,0.025,0.05,0.45792154774732113,0.5170677304267883
BAJAJHCARE,BAJAJ HEALTHCARE LIMITED,2025-03-07,5,0.4756384243319821,676.0,692.9,709.8000000000001,0.025,0.05,0.4823411514914459,0.47015437483787537
PHOENIXLTD,THE PHOENIX MILLS LTD,2025-03-07,5,0.4754755984125214,1560.15,1599.15375,1638.1575000000003,0.025,0.05,0.4689409292136469,0.4808221459388733
LEMONTREE,LEMON TREE HOTELS LTD,2025-03-07,5,0.4753970442670249,129.01,132.23524999999998,135.4605,0.025,0.05,0.4870561523476492,0.46585777401924133
HCC,HINDUSTAN CONSTRUCTION CO,2025-03-07,5,0.47535567625935526,25.49,26.127249999999997,26.764499999999998,0.025,0.05,0.48279410036792686,0.46926969289779663
DCW,DCW LTD,2025-03-07,5,0.4753038491978863,77.74,79.68349999999998,81.627,0.025,0.05,0.4810398378139555,0.47061076760292053
GSPL,GUJARAT STATE PETRO LTD,2025-03-07,7,0.47524421880820744,288.2,295.405,302.61,0.025,0.05,0.21224998159560424,0.9636620879173279
RBA,RESTAURANT BRAND ASIA LTD,2025-03-07,5,0.4749041843855487,65.69,67.33224999999999,68.9745,0.025,0.05,0.4794910160356333,0.47115132212638855
CGPOWER,CG POWER AND IND SOL LTD,2025-03-07,5,0.47466192653656125,630.05,645.8012499999999,661.5525,0.025,0.05,0.48034097002347564,0.47001543641090393
CDSL,CENTRAL DEPO SER (I) LTD,2025-03-07,5,0.4746279236016758,1152.9,1181.7225,1210.545,0.025,0.05,0.4801963824559335,0.4700719118118286
BALRAMCHIN,BALRAMPUR CHINI MILLS LTD,2025-03-07,5,0.47457912002556646,465.5,477.13749999999993,488.77500000000003,0.025,0.05,0.4821199749256311,0.46840932965278625
PNBGILTS,PNB GILTS LIMITED,2025-03-07,5,0.47441671234401905,81.28,83.312,85.34400000000001,0.025,0.05,0.4913715332091482,0.4605445861816406
RICOAUTO,RICO AUTO INDUSTRIES LTD,2025-03-07,10,0.4743213911663088,66.92,68.59299999999999,70.266,0.025,0.05,0.45699318247332354,0.5147538781166077
GPPL,GUJARAT PIPAVAV PORT LTD,2025-03-07,10,0.4742809535460343,136.95,140.37374999999997,143.79749999999999,0.025,0.05,0.45792154774732113,0.5124529004096985
JTLIND,JTL INDUSTRIES LIMITED,2025-03-07,5,0.4740923878549208,81.64,83.681,85.72200000000001,0.025,0.05,0.4785223232372314,0.4704678952693939
KIRLOSENG,KIRLOSKAR OIL ENG LTD,2025-03-07,5,0.47404370576909843,652.0,668.3,684.6,0.025,0.05,0.4880387346120159,0.4625932276248932
SUVEN,SUVEN LIFE SCIENCES LTD,2025-03-07,5,0.47400127441232953,126.07,129.22175,132.3735,0.025,0.05,0.48259320061616434,0.4669715166091919
NECLIFE,NECTAR LIFESCIENCES LTD.,2025-03-07,10,0.4738412173585691,29.23,29.960749999999997,30.6915,0.025,0.05,0.4648069997623702,0.4949210584163666
CUMMINSIND,CUMMINS INDIA LTD,2025-03-07,5,0.47383612711610257,2899.05,2971.52625,3044.0025000000005,0.025,0.05,0.4785462920176068,0.4699823558330536
OIL,OIL INDIA LTD,2025-03-07,5,0.4738083925888201,369.75,378.99375,388.2375,0.025,0.05,0.4803264200787324,0.46847546100616455
JPASSOCIAT,JAIPRAKASH ASSOCIATES LTD,2025-03-07,7,0.47372454766554156,4.7,4.8175,4.9350000000000005,0.025,0.05,0.3422011467756755,0.717982292175293
COROMANDEL,COROMANDEL INTERNTL. LTD,2025-03-07,5,0.47367095064933273,1756.3,1800.2074999999998,1844.115,0.025,0.05,0.4819353490364809,0.46690917015075684
SALASAR,SALASAR TECHNO ENGG. LTD.,2025-03-07,5,0.4735941517929524,8.85,9.07125,9.2925,0.025,0.05,0.4817540123684075,0.46691790223121643
JWL,JUPITER WAGONS LIMITED,2025-03-07,5,0.4735545244811644,315.85,323.74625,331.64250000000004,0.025,0.05,0.4785223232372314,0.4694899618625641
JAMNAAUTO,JAMNA AUTO IND LTD,2025-03-07,5,0.4734260650492945,74.96,76.83399999999999,78.708,0.025,0.05,0.4753901664895566,0.47181907296180725
HINDPETRO,HINDUSTAN PETROLEUM CORP,2025-03-07,5,0.4730386313960574,332.45,340.76124999999996,349.0725,0.025,0.05,0.48386603862392064,0.4641798436641693
KIRIINDUS,KIRI INDUSTRIES LIMITED,2025-03-07,5,0.4730340579206303,594.8,609.6699999999998,624.54,0.025,0.05,0.48259320061616434,0.46521294116973877
CENTURYPLY,CENTURY PLYBOARDS (I) LTD,2025-03-07,5,0.4728459810273008,738.45,756.91125,775.3725000000001,0.025,0.05,0.4805059278576808,0.46657875180244446
KAYNES,KAYNES TECHNOLOGY IND LTD,2025-03-07,5,0.4728086003943698,4457.05,4568.47625,4679.9025,0.025,0.05,0.4864973578816025,0.4616087079048157
SAIL,STEEL AUTHORITY OF INDIA,2025-03-07,5,0.47254321212381706,110.91,113.68274999999998,116.4555,0.025,0.05,0.47700280800595507,0.46889445185661316
DEEPAKFERT,DEEPAK FERTILIZERS & PETR,2025-03-07,5,0.4723201811560369,1116.15,1144.05375,1171.9575000000002,0.025,0.05,0.48872105286041373,0.4589012861251831
RAMASTEEL,RAMA STEEL TUBES LIMITED,2025-03-07,10,0.47188702224732915,10.35,10.608749999999999,10.8675,0.025,0.05,0.46573762381419515,0.4862356185913086
GODREJIND,GODREJ INDUSTRIES LTD,2025-03-07,5,0.4716413880200274,1109.8,1137.5449999999998,1165.29,0.025,0.05,0.4695801259877697,0.4733278751373291
ONMOBILE,ONMOBILE GLOBAL LTD.,2025-03-07,7,0.4716115769764785,52.63,53.94575,55.261500000000005,0.025,0.05,0.3518428431139548,0.6940392255783081
CESC,CESC LTD,2025-03-07,5,0.47157251497984054,140.94,144.46349999999998,147.987,0.025,0.05,0.48034097002347564,0.4643983244895935
UNITECH,UNITECH LIMITED,2025-03-07,5,0.4714980680326909,7.14,7.318499999999999,7.497,0.025,0.05,0.4817540123684075,0.46310684084892273
VERTOZ,VERTOZ LIMITED,2025-03-07,5,0.47144208963424394,10.42,10.680499999999999,10.941,0.025,0.05,0.48181472808587167,0.46295538544654846
ABCAPITAL,ADITYA BIRLA CAPITAL LTD.,2025-03-07,5,0.47137763165812574,160.85,164.87124999999997,168.8925,0.025,0.05,0.4801963824559335,0.46416229009628296
LAURUSLABS,LAURUS LABS LIMITED,2025-03-07,5,0.4712304567353086,570.85,585.1212499999999,599.3925,0.025,0.05,0.4805059278576808,0.4636414349079132
OBEROIRLTY,OBEROI REALTY LIMITED,2025-03-07,5,0.47115159584856803,1543.15,1581.72875,1620.3075000000001,0.025,0.05,0.4689409292136469,0.47296032309532166
BANCOINDIA,BANCO PRODUCTS (I) LTD,2025-03-07,5,0.47112554378740523,361.85,370.89625,379.94250000000005,0.025,0.05,0.4795011959127261,0.46427273750305176
IGL,INDRAPRASTHA GAS LTD,2025-03-07,5,0.4710537072358616,188.49,193.20225,197.9145,0.025,0.05,0.4801963824559335,0.4635733366012573
KELLTONTEC,KELLTON TECH SOL LTD,2025-03-07,7,0.4704977821772552,118.54,121.5035,124.46700000000001,0.025,0.05,0.410144229953909,0.582582950592041
AWL,ADANI WILMAR LIMITED,2025-03-07,5,0.47014195790064717,260.84,267.36099999999993,273.882,0.025,0.05,0.4753901664895566,0.4658479690551758
CARTRADE,CARTRADE TECH LIMITED,2025-03-07,5,0.47012068482077846,1548.8,1587.5199999999998,1626.24,0.025,0.05,0.4746915036183093,0.46638092398643494
RBA,RESTAURANT BRAND ASIA LTD,2025-03-07,7,0.4700042387408523,65.69,67.33224999999999,68.9745,0.025,0.05,0.3506866403974796,0.6915940642356873
SIEMENS,SIEMENS LTD,2025-03-07,5,0.469843755101524,5106.1,5233.7525,5361.405000000001,0.025,0.05,0.4718980313128061,0.46816298365592957
JIOFIN,JIO FIN SERVICES LTD,2025-03-07,5,0.46971094627697174,221.81,227.35524999999998,232.90050000000002,0.025,0.05,0.4770103829772142,0.46373867988586426
CHENNPETRO,CHENNAI PETROLEUM CORP LT,2025-03-07,5,0.46968078299936283,529.2,542.43,555.6600000000001,0.025,0.05,0.4870561523476492,0.45546457171440125
VASCONEQ,VASCON ENGINEERS LTD,2025-03-07,5,0.4696505591360659,35.59,36.47975,37.3695,0.025,0.05,0.48705874219822226,0.4554075002670288
CYIENT,CYIENT LIMITED,2025-03-07,5,0.4693991848310886,1269.6,1301.3399999999997,1333.08,0.025,0.05,0.47700280800595507,0.46317803859710693
VPRPL,VISHNU PRAKASH R PUNGLI L,2025-03-07,5,0.4692730823157455,172.27,176.57675,180.88350000000003,0.025,0.05,0.4862883110837197,0.4553515315055847
MAZDOCK,MAZAGON DOCK SHIPBUIL LTD,2025-03-07,5,0.46919753194397246,2338.2,2396.6549999999997,2455.11,0.025,0.05,0.48259320061616434,0.4582374393939972
GNFC,GUJ NAR VAL FER & CHEM L,2025-03-07,5,0.46874569972527413,502.45,515.0112499999999,527.5725,0.025,0.05,0.4753901664895566,0.46330931782722473
HIMATSEIDE,HIMATSINGKA SEIDE LTD,2025-03-07,5,0.46864528995817045,136.9,140.3225,143.745,0.025,0.05,0.4820452507351314,0.45768168568611145
KITEX,KITEX GARMENTS LTD,2025-03-07,5,0.46839175821224155,171.41,175.69525,179.9805,0.025,0.05,0.48705874219822226,0.45311877131462097
KNRCON,KNR CONSTRU LTD.,2025-03-07,5,0.46816522273953975,224.03,229.63074999999998,235.2315,0.025,0.05,0.4718980313128061,0.46511110663414
PRSMJOHNSN,PRISM JOHNSON LIMITED,2025-03-07,5,0.46809698981079306,129.66,132.9015,136.143,0.025,0.05,0.4913715332091482,0.44905418157577515
SHAREINDIA,SHARE IND. SECURITIES LTD,2025-03-07,7,0.4677834087889191,185.92,190.56799999999998,195.216,0.025,0.05,0.1907150324003508,0.9823389649391174
INDUSINDBK,INDUSIND BANK LIMITED,2025-03-07,5,0.46773624388718404,936.75,960.1687499999999,983.5875000000001,0.025,0.05,0.4646462327538552,0.4702644348144531
APOLLOTYRE,APOLLO TYRES LTD,2025-03-07,5,0.46751680464216855,411.7,421.99249999999995,432.285,0.025,0.05,0.4672174208841674,0.467761754989624
PARACABLES,PARAMOUNT COMM LTD,2025-03-07,5,0.46744309960455244,57.08,58.50699999999999,59.934,0.025,0.05,0.47690883275867707,0.4596984088420868
ACI,ARCHEAN CHEMICAL IND LTD,2025-03-07,5,0.46734522024099234,531.7,544.9925,558.2850000000001,0.025,0.05,0.47681935715022356,0.45959365367889404
SIGACHI,SIGACHI INDUSTRIES LTD,2025-03-07,5,0.4672888496880697,40.51,41.522749999999995,42.5355,0.025,0.05,0.480384312153959,0.45657438039779663
CROMPTON,CROMPT GREA CON ELEC LTD,2025-03-07,5,0.4672563202752616,344.45,353.06125,361.6725,0.025,0.05,0.47866003879219193,0.4579260051250458
GTLINFRA,GTL INFRA.LTD,2025-03-07,5,0.46683057345829837,1.59,1.62975,1.6695000000000002,0.025,0.05,0.4867635589591316,0.4505217671394348
NMDC,NMDC LTD.,2025-03-07,5,0.4667895114547626,67.13,68.80824999999999,70.48649999999999,0.025,0.05,0.47220227257556724,0.4623608887195587
IOB,INDIAN OVERSEAS BANK,2025-03-07,5,0.4667418965181766,44.67,45.78675,46.9035,0.025,0.05,0.47700280800595507,0.4583466053009033
SUVENPHAR,SUVEN PHARMACEUTICALS LTD,2025-03-07,5,0.46658960977692154,1166.0,1195.1499999999999,1224.3,0.025,0.05,0.47313990415243634,0.4612302780151367
WABAG,VA TECH WABAG LTD,2025-03-07,5,0.46654544374666146,1370.85,1405.1212499999997,1439.3925,0.025,0.05,0.48101931923675373,0.4547031819820404
AARTIPHARM,AARTI PHARMALABS LIMITED,2025-03-07,5,0.46616736918674606,739.0,757.4749999999999,775.95,0.025,0.05,0.4785223232372314,0.4560587704181671
IDEA,VODAFONE IDEA LIMITED,2025-03-07,10,0.4661404073143152,7.55,7.73875,7.9275,0.025,0.05,0.46573762381419515,0.4670802354812622
PARSVNATH,PARSVNATH DEVELOPER LTD,2025-03-07,7,0.46613430168966585,22.46,23.0215,23.583000000000002,0.025,0.05,0.41018726866581706,0.5700359344482422
TRENT,TRENT LTD,2025-03-07,5,0.4659891107162891,4999.85,5124.84625,5249.842500000001,0.025,0.05,0.47700280800595507,0.456977903842926
GRMOVER,GRM OVERSEAS LIMITED,2025-03-07,5,0.465722673511924,249.34,255.57349999999997,261.807,0.025,0.05,0.48332059576869363,0.45132437348365784
CAMS,COMPUTER AGE MNGT SER LTD,2025-03-07,5,0.4654639040280779,3365.7,3449.8424999999993,3533.985,0.025,0.05,0.47756824004416104,0.4555603563785553
HOMEFIRST,HOME FIRST FIN CO IND LTD,2025-03-07,5,0.4654272534568854,999.55,1024.53875,1049.5275,0.025,0.05,0.5011125986487219,0.4362301528453827
APOLLO,APOLLO MICRO SYSTEMS LTD,2025-03-07,5,0.4653747460984442,121.37,124.40424999999999,127.4385,0.025,0.05,0.4795011959127261,0.4538167417049408
SANGHVIMOV,SANGHVI MOVERS LTD,2025-03-07,5,0.46531403409941907,240.17,246.17424999999997,252.17849999999999,0.025,0.05,0.4823411514914459,0.45138275623321533
PSB,PUNJAB & SIND BANK,2025-03-07,7,0.46526290977106594,41.65,42.69125,43.7325,0.025,0.05,0.3396549439446453,0.6985348463058472
APLAPOLLO,APL APOLLO TUBES LTD,2025-03-07,5,0.46522757188220276,1458.25,1494.70625,1531.1625000000001,0.025,0.05,0.47866003879219193,0.4542373716831207
JAMNAAUTO,JAMNA AUTO IND LTD,2025-03-07,7,0.46501082917477576,74.96,76.83399999999999,78.708,0.025,0.05,0.34068327898285156,0.6959048509597778
RAJESHEXPO,RAJESH EXPORTS LTD,2025-03-07,5,0.46469179591100984,160.96,164.98399999999998,169.008,0.025,0.05,0.4805059278576808,0.4517529606819153
SWANENERGY,SWAN ENERGY LIMITED,2025-03-07,5,0.464686915668887,445.35,456.48375,467.61750000000006,0.025,0.05,0.47681935715022356,0.4547603726387024
KELLTONTEC,KELLTON TECH SOL LTD,2025-03-07,5,0.4646711627011465,118.54,121.5035,124.46700000000001,0.025,0.05,0.480384312153959,0.4518149495124817
CUPID,CUPID LIMITED,2025-03-07,5,0.4643747305652982,65.72,67.363,69.006,0.025,0.05,0.4823659174489724,0.4496546685695648
GENUSPOWER,GENUS POWER INFRASTRU LTD,2025-03-07,7,0.4643549497564916,270.7,277.4675,284.235,0.025,0.05,0.2125044595951124,0.9320772886276245
SULA,SULA VINEYARDS LIMITED,2025-03-07,5,0.4639492211856623,269.55,276.28875,283.02750000000003,0.025,0.05,0.47539523533498346,0.4545843005180359
KAMATHOTEL,KAMAT HOTELS (I) LTD,2025-03-07,5,0.4639440396193878,311.25,319.03125,326.8125,0.025,0.05,0.48332059576869363,0.44809049367904663
EKC,EVEREST KANTO CYLINDERLTD,2025-03-07,5,0.46360704601684516,128.12,131.32299999999998,134.526,0.025,0.05,0.48705874219822226,0.4444192945957184
BIOCON,BIOCON LIMITED.,2025-03-07,5,0.46343243206352575,333.7,342.04249999999996,350.385,0.025,0.05,0.47700280800595507,0.4523293972015381
SPARC,SUN PHARMA ADV.RES.CO.LTD,2025-03-07,5,0.46318580121969694,136.6,140.015,143.43,0.025,0.05,0.4830246548117424,0.44695401191711426
FILATEX,FILATEX INDIA LTD,2025-03-07,7,0.4631450774249272,40.37,41.37924999999999,42.3885,0.025,0.05,0.40769150654120884,0.5661302804946899
KPITTECH,KPIT TECHNOLOGIES LIMITED,2025-03-07,5,0.46287531824565153,1305.4,1338.035,1370.67,0.025,0.05,0.48386603862392064,0.44570109248161316
PATELENG,PATEL ENGINEERING LTD.,2025-03-07,10,0.4625413270192017,43.48,44.56699999999999,45.653999999999996,0.025,0.05,0.45792154774732113,0.4733208119869232
UNOMINDA,UNO MINDA LIMITED,2025-03-07,5,0.462171358372386,870.65,892.4162499999999,914.1825,0.025,0.05,0.4805059278576808,0.44717034697532654
HITECH,HI-TECH PIPES LIMITED,2025-03-07,5,0.46184986984348575,113.88,116.72699999999999,119.574,0.025,0.05,0.4769494799688189,0.4494956433773041
INDIGO,INTERGLOBE AVIATION LTD,2025-03-07,5,0.4617598392307527,4657.55,4773.9887499999995,4890.427500000001,0.025,0.05,0.4610374255842117,0.46235090494155884
GRSE,GARDEN REACH SHIP&ENG LTD,2025-03-07,5,0.46166254342770097,1385.15,1419.77875,1454.4075000000003,0.025,0.05,0.4830246548117424,0.44418445229530334
IIFLCAPS,IIFL CAPITAL SERVICES LTD,2025-03-07,5,0.4616452993398337,213.25,218.58124999999998,223.91250000000002,0.025,0.05,0.4843518008667956,0.4430672526359558
ARVINDFASN,ARVIND FASHIONS LIMITED,2025-03-07,5,0.4615324512211413,394.2,404.05499999999995,413.91,0.025,0.05,0.48705874219822226,0.44064730405807495
UBL,UNITED BREWERIES LTD,2025-03-07,5,0.46122066655615146,1922.3,1970.3574999999998,2018.415,0.025,0.05,0.4583417934148218,0.4635761082172394
VOLTAS,VOLTAS LTD,2025-03-07,5,0.4609145620659602,1405.45,1440.5862499999998,1475.7225,0.025,0.05,0.4674082153805123,0.4556015729904175
YESBANK,YES BANK LIMITED,2025-03-07,10,0.4608775007513003,16.88,17.301999999999996,17.724,0.025,0.05,0.4604771332778869,0.46181169152259827
CANTABIL,CANTABIL RETAIL LTD,2025-03-07,5,0.46074362658883194,268.7,275.41749999999996,282.135,0.025,0.05,0.4813634778266716,0.4438728392124176
GABRIEL,GABRIEL INDIA LTD,2025-03-07,5,0.4605781248925842,517.7,530.6425,543.585,0.025,0.05,0.48524158347949214,0.4403989315032959
KPIL,KALPATARU PROJECT INT LTD,2025-03-07,5,0.46012931436287063,931.2,954.48,977.7600000000001,0.025,0.05,0.4785223232372314,0.4450804889202118
ADSL,ALLIED DIGITAL SERV. LTD,2025-03-07,5,0.45953597811274627,207.64,212.83099999999996,218.022,0.025,0.05,0.4802410290729756,0.4425954818725586
STARHEALTH,STAR HEALTH & AL INS CO L,2025-03-07,5,0.45918592745870934,366.55,375.71375,384.87750000000005,0.025,0.05,0.47700280800595507,0.4446084797382355
GRAPHITE,GRAPHITE INDIA LTD,2025-03-07,5,0.45891310772619176,412.85,423.17125,433.49250000000006,0.025,0.05,0.48101931923675373,0.4408262073993683
HLVLTD,HLV LIMITED,2025-03-07,5,0.4586853717508833,14.27,14.626749999999998,14.9835,0.025,0.05,0.4780387027932363,0.44285082817077637
THOMASCOOK,THOMAS COOK (INDIA) LTD,2025-03-07,5,0.4585987255535154,137.85,141.29625,144.7425,0.025,0.05,0.4769494799688189,0.44358447194099426
ORICONENT,ORICON ENTERPRISES LTD,2025-03-07,5,0.4578958107341081,40.04,41.041,42.042,0.025,0.05,0.47378310523844425,0.4448971152305603
TFCILTD,TOURISM FINANCE CORP. OF,2025-03-07,5,0.45711232516814937,149.44,153.176,156.912,0.025,0.05,0.480384312153959,0.438071608543396
ASTERDM,ASTER DM HEALTHCARE LTD.,2025-03-07,5,0.45694607644576546,417.45,427.88624999999996,438.3225,0.025,0.05,0.4719395802925851,0.4446786642074585
ASHOKA,ASHOKA BUILDCON LTD,2025-03-07,10,0.4567959626327547,189.41,194.14524999999998,198.8805,0.025,0.05,0.45699318247332354,0.45633578300476074
J&KBANK,J & K BANK LTD.,2025-03-07,5,0.45677423808859074,96.54,98.95349999999999,101.367,0.025,0.05,0.4735460156397969,0.44305187463760376
JISLJALEQS,JAIN IRRIGATION SYSTEMS,2025-03-07,7,0.45671296719523047,61.84,63.385999999999996,64.932,0.025,0.05,0.3897024118565868,0.5811611413955688
IPCALAB,IPCA LABORATORIES LTD,2025-03-07,5,0.45623133685967265,1333.1,1366.4274999999998,1399.7549999999999,0.025,0.05,0.4671354471926543,0.44730979204177856
FACT,FACT LTD,2025-03-07,5,0.45622009527747964,659.2,675.68,692.1600000000001,0.025,0.05,0.4820452507351314,0.43509042263031006
MPHASIS,MPHASIS LIMITED,2025-03-07,5,0.45599912678854754,2302.25,2359.8062499999996,2417.3625,0.025,0.05,0.4725446530107456,0.44246187806129456
AARTIIND,AARTI INDUSTRIES LTD,2025-03-07,5,0.4555002096681424,406.3,416.4575,426.615,0.025,0.05,0.4735460156397969,0.44073545932769775
NATCOPHARM,NATCO PHARMA LTD.,2025-03-07,5,0.45523360182930117,825.0,845.6249999999999,866.25,0.025,0.05,0.46414677545073046,0.44794100522994995
SBFC,SBFC FINANCE LIMITED,2025-03-07,5,0.45498774498004435,86.6,88.76499999999999,90.92999999999999,0.025,0.05,0.4719395802925851,0.441118061542511
NAM-INDIA,NIPPON L I A M LTD,2025-03-07,5,0.45498672219073893,528.95,542.17375,555.3975,0.025,0.05,0.4674082153805123,0.444823682308197
PEL,PIRAMAL ENTERPRISES LTD,2025-03-07,5,0.45463157603053006,918.55,941.5137499999998,964.4775,0.025,0.05,0.46230780435729346,0.44835102558135986
MAHSEAMLES,MAHARASHTRA SEAMLESS LTD,2025-03-07,5,0.45458112972899584,653.5,669.8375,686.1750000000001,0.025,0.05,0.47086027635301275,0.44126182794570923
DCXINDIA,DCX SYSTEMS LIMITED,2025-03-07,5,0.4543684089546369,246.83,253.00074999999998,259.17150000000004,0.025,0.05,0.480384312153959,0.4330826699733734
POLYCAB,POLYCAB INDIA LIMITED,2025-03-07,5,0.45404539575350666,5063.45,5190.036249999999,5316.6225,0.025,0.05,0.4753901664895566,0.43658149242401123
MARICO,MARICO LIMITED,2025-03-07,10,0.45400809616883525,609.65,624.8912499999999,640.1325,0.025,0.05,0.45787825287864226,0.444977730512619
SANGHIIND,SANGHI INDUSTRIES LTD,2025-03-07,10,0.4537391153081251,55.92,57.318,58.716,0.025,0.05,0.45787825287864226,0.4440811276435852
INOXGREEN,INOX GREEN ENERGY SER LTD,2025-03-07,5,0.45368587267463545,129.25,132.48125,135.7125,0.025,0.05,0.4820452507351314,0.43048274517059326
NTPC,NTPC LTD,2025-03-07,5,0.4534875420475842,329.55,337.78875,346.02750000000003,0.025,0.05,0.45663958075859834,0.4509086012840271
ORIENTHOT,ORIENT HOTELS LTD,2025-03-07,5,0.4534217471246885,149.79,153.53474999999997,157.27949999999998,0.025,0.05,0.480384312153959,0.43136146664619446
NCC,NCC LIMITED,2025-03-07,5,0.4529858635879793,184.74,189.3585,193.977,0.025,0.05,0.4753901664895566,0.4346550703048706
SOUTHBANK,THE SOUTH INDIAN BANK LTD,2025-03-07,5,0.45297412608417165,25.5,26.1375,26.775000000000002,0.025,0.05,0.45122009591597734,0.45440924167633057
KANSAINER,KANSAI NEROLAC PAINTS LTD,2025-03-07,10,0.4529611442878477,235.65,241.54125,247.4325,0.025,0.05,0.4601954696284351,0.43608105182647705
GAEL,GUJARAT AMBUJA EXPORTS LT,2025-03-07,10,0.45280966474579476,108.68,111.39699999999999,114.11400000000002,0.025,0.05,0.45792154774732113,0.4408819377422333
HATHWAY,HATHWAY CABLE & DATACOM,2025-03-07,5,0.45249479818541827,14.17,14.524249999999999,14.8785,0.025,0.05,0.4778580755701555,0.4317430257797241
JTLIND,JTL INDUSTRIES LIMITED,2025-03-07,7,0.4521907267375268,81.64,83.681,85.72200000000001,0.025,0.05,0.37517042303749804,0.5952284336090088
DLF,DLF LIMITED,2025-03-07,5,0.4520890977526742,667.05,683.7262499999999,700.4025,0.025,0.05,0.45487462735728806,0.4498100280761719
BIKAJI,BIKAJI FOODS INTERN LTD,2025-03-07,5,0.4520784283627942,670.15,686.90375,703.6575,0.025,0.05,0.47313990415243634,0.43484631180763245
STARCEMENT,STAR CEMENT LIMITED,2025-03-07,5,0.45200465132881296,214.66,220.02649999999997,225.393,0.025,0.05,0.46414677545073046,0.4420701861381531
ONMOBILE,ONMOBILE GLOBAL LTD.,2025-03-07,10,0.45170556022690433,52.63,53.94575,55.261500000000005,0.025,0.05,0.45792154774732113,0.437201589345932
TARC,TARC LIMITED,2025-03-07,7,0.4514581084155624,122.35,125.40874999999998,128.4675,0.025,0.05,0.3732110353469214,0.5967741012573242
BEL,BHARAT ELECTRONICS LTD,2025-03-07,5,0.45144293997224394,276.99,283.91474999999997,290.83950000000004,0.025,0.05,0.4718980313128061,0.4347069561481476
HINDZINC,HINDUSTAN ZINC LIMITED,2025-03-07,5,0.4511660846188781,429.35,440.08375,450.81750000000005,0.025,0.05,0.4699667597512662,0.435783714056015
SERVOTECH,SERVOTECH REN POW SYS LTD,2025-03-07,5,0.4506997711998916,126.67,129.83675,133.0035,0.025,0.05,0.48068013953780586,0.42617037892341614
ARVIND,ARVIND LIMITED,2025-03-07,5,0.45026581627195217,348.0,356.7,365.40000000000003,0.025,0.05,0.4820452507351314,0.42426446080207825
GLENMARK,GLENMARK PHARMACEUTICALS,2025-03-07,5,0.45016092070845515,1404.4,1439.51,1474.6200000000001,0.025,0.05,0.46230780435729346,0.4402225613594055
PSB,PUNJAB & SIND BANK,2025-03-07,10,0.45007340027855536,41.65,42.69125,43.7325,0.025,0.05,0.45792154774732113,0.4317610561847687
RVNL,RAIL VIKAS NIGAM LIMITED,2025-03-07,5,0.44994418307289785,341.5,350.03749999999997,358.575,0.025,0.05,0.4718572626322576,0.4320152997970581
JAIBALAJI,JAI BALAJI INDUSTRIES LTD,2025-03-07,5,0.4498985674324141,152.04,155.84099999999998,159.642,0.025,0.05,0.4813634778266716,0.4241545498371124
SEQUENT,SEQUENT SCIENTIFIC LTD.,2025-03-07,5,0.4498744757361989,155.35,159.23375,163.1175,0.025,0.05,0.4750479992645273,0.4292779564857483
JAICORPLTD,JAI CORP LIMITED,2025-03-07,10,0.44979896444187484,108.45,111.16125,113.8725,0.025,0.05,0.45699318247332354,0.433012455701828
KAMDHENU,KAMDHENU LIMITED,2025-03-07,5,0.44969976889594315,35.21,36.09025,36.9705,0.025,0.05,0.4823411514914459,0.42299318313598633
IDBI,IDBI BANK LIMITED,2025-03-07,5,0.4495670918016263,72.79,74.60975,76.4295,0.025,0.05,0.4735460156397969,0.42994797229766846
SRF,SRF LTD,2025-03-07,5,0.44944271761091703,2935.35,3008.73375,3082.1175,0.025,0.05,0.4498424136619249,0.44911569356918335
ASIANTILES,ASIAN GRANITO IND. LTD.,2025-03-07,5,0.44917568119204765,48.51,49.72274999999999,50.9355,0.025,0.05,0.4746915036183093,0.42829909920692444
RELINFRA,RELIANCE INFRASTRUCTU LTD,2025-03-07,5,0.4491505791495633,239.35,245.33374999999998,251.3175,0.025,0.05,0.4823411514914459,0.4219946563243866
DHANI,DHANI SERVICES LIMITED,2025-03-07,5,0.44890002208455326,62.96,64.53399999999999,66.108,0.025,0.05,0.4823411514914459,0.4215390980243683
COALINDIA,COAL INDIA LTD,2025-03-07,5,0.44889482349317494,380.65,390.16624999999993,399.6825,0.025,0.05,0.4563337617485881,0.4428084194660187
SWSOLAR,STRLNG & WIL REN ENE LTD,2025-03-07,5,0.44885626826335656,256.35,262.75875,269.1675,0.025,0.05,0.480384312153959,0.4230605959892273
SBC,SBC EXPORTS LIMITED,2025-03-07,5,0.4488198234055967,13.77,14.114249999999998,14.4585,0.025,0.05,0.4718572626322576,0.42997100949287415
REDTAPE,REDTAPE LIMITED,2025-03-07,5,0.44838690403749215,144.73,148.34824999999998,151.9665,0.025,0.05,0.480384312153959,0.42220720648765564
SENCO,SENCO GOLD LIMITED,2025-03-07,5,0.4483193485353918,300.1,307.6025,315.105,0.025,0.05,0.4718572626322576,0.42906105518341064
RICOAUTO,RICO AUTO INDUSTRIES LTD,2025-03-07,5,0.44817407969285716,66.92,68.59299999999999,70.266,0.025,0.05,0.480384312153959,0.4218202531337738
STAR,STRIDES PHARMA SCI LTD,2025-03-07,5,0.44805744021038496,621.8,637.3449999999999,652.89,0.025,0.05,0.4738881594362144,0.4269232153892517
FINPIPE,FINOLEX INDUSTRIES LTD,2025-03-07,5,0.4479349355491121,182.1,186.65249999999997,191.205,0.025,0.05,0.46933984328025335,0.4304218292236328
PETRONET,PETRONET LNG LIMITED,2025-03-07,5,0.44793477716044405,285.9,293.04749999999996,300.195,0.025,0.05,0.4585563984622738,0.4392443597316742
KEI,KEI INDUSTRIES LTD.,2025-03-07,5,0.4477410169665531,3223.85,3304.4462499999995,3385.0425,0.025,0.05,0.4687792763057717,0.4305278956890106
ADANIPOWER,ADANI POWER LTD,2025-03-07,5,0.44770365739673956,506.15,518.8037499999999,531.4575,0.025,0.05,0.47700280800595507,0.42373162508010864
CENTRALBK,CENTRAL BANK OF INDIA,2025-03-07,5,0.44751465450904565,44.43,45.540749999999996,46.6515,0.025,0.05,0.47539523533498346,0.4247032701969147
CAPACITE,CAPACITE INFRAPROJECT LTD,2025-03-07,5,0.4473778827403516,337.85,346.29625,354.74250000000006,0.025,0.05,0.4718572626322576,0.4273492991924286
UCOBANK,UCO BANK,2025-03-07,10,0.4471562297539582,37.44,38.376,39.312,0.025,0.05,0.45792154774732113,0.42203715443611145
SPIC,SPIC LTD,2025-03-07,5,0.4471522099670572,81.74,83.78349999999999,85.827,0.025,0.05,0.4702871291497907,0.4282236397266388
NAVA,NAVA LIMITED,2025-03-07,5,0.4470577822514157,439.45,450.43625,461.4225,0.025,0.05,0.4750479992645273,0.42415669560432434
GENESYS,GENESYS INTL CORPN LTD,2025-03-07,10,0.44700904302395517,742.95,761.52375,780.0975000000001,0.025,0.05,0.4555124188121888,0.4271678328514099
IRB,IRB INFRA DEV LTD.,2025-03-07,10,0.4464612604575028,44.51,45.622749999999996,46.7355,0.025,0.05,0.45792154774732113,0.4197205901145935
MMTC,MMTC LIMITED,2025-03-07,10,0.44639166492328963,55.22,56.6005,57.981,0.025,0.05,0.45699318247332354,0.4216547906398773
ABB,ABB INDIA LIMITED,2025-03-07,5,0.4463728666196672,5326.55,5459.71375,5592.8775000000005,0.025,0.05,0.4669847885525685,0.4295085668563843
JIOFIN,JIO FIN SERVICES LTD,2025-03-07,10,0.446308391315024,221.81,227.35524999999998,232.90050000000002,0.025,0.05,0.46529067275393704,0.40201640129089355
HBLENGINE,HBL ENGINEERING LTD,2025-03-07,5,0.44630615269756596,456.25,467.65624999999994,479.0625,0.025,0.05,0.4769494799688189,0.4212343394756317
DEN,DEN NETWORKS LTD,2025-03-07,10,0.44627325831891573,32.76,33.57899999999999,34.397999999999996,0.025,0.05,0.46573762381419515,0.4008564054965973
PCJEWELLER,PC JEWELLER LTD,2025-03-07,5,0.4462607690457718,12.63,12.94575,13.261500000000002,0.025,0.05,0.48332059576869363,0.4159390926361084
PGEL,PG ELECTROPLAST LTD,2025-03-07,5,0.4461493366526138,877.05,898.9762499999998,920.9025,0.025,0.05,0.4702865698970184,0.42640069127082825
GENUSPOWER,GENUS POWER INFRASTRU LTD,2025-03-07,5,0.44557395047702153,270.7,277.4675,284.235,0.025,0.05,0.47514559310360654,0.4213789701461792
CUB,CITY UNION BANK LTD,2025-03-07,10,0.44533780536974354,155.93,159.82825,163.72650000000002,0.025,0.05,0.46455510630387475,0.4004974365234375
TIMETECHNO,TIME TECHNOPLAST LTD.,2025-03-07,5,0.4451429777906906,394.55,404.41375,414.27750000000003,0.025,0.05,0.4702865698970184,0.4245709478855133
GLAXO,GLAXOSMITHKLINE PHARMA LT,2025-03-07,5,0.4449911289976608,2751.6,2820.39,2889.18,0.025,0.05,0.4702865698970184,0.4242948591709137
PPLPHARMA,PIRAMAL PHARMA LIMITED,2025-03-07,5,0.4448615115991833,201.46,206.4965,211.53300000000002,0.025,0.05,0.45807857582118827,0.43404754996299744
UCOBANK,UCO BANK,2025-03-07,5,0.4446112377411331,37.44,38.376,39.312,0.025,0.05,0.47713938310548215,0.4179973006248474
INDHOTEL,THE INDIAN HOTELS CO. LTD,2025-03-07,5,0.44453972321273694,744.3,762.9074999999999,781.515,0.025,0.05,0.44626561230027684,0.4431276321411133
BSOFT,BIRLASOFT LIMITED,2025-03-07,5,0.4444990630116743,434.45,445.31125,456.1725,0.025,0.05,0.45811458984275266,0.4333590865135193
GMRP&UI,GMR POW AND URBAN INFRA L,2025-03-07,5,0.44435325306718687,105.05,107.67624999999998,110.3025,0.025,0.05,0.4820452507351314,0.4135143458843231
ONMOBILE,ONMOBILE GLOBAL LTD.,2025-03-07,5,0.44392331550235126,52.63,53.94575,55.261500000000005,0.025,0.05,0.4740686484997928,0.4192589521408081
HFCL,HFCL LIMITED,2025-03-07,10,0.4435550869898667,83.87,85.96674999999999,88.0635,0.025,0.05,0.45792154774732113,0.41003334522247314
SUBEXLTD,SUBEX LTD,2025-03-07,5,0.4434687633520875,14.04,14.390999999999998,14.741999999999999,0.025,0.05,0.4820452507351314,0.4119061827659607
ZENTEC,ZEN TECHNOLOGIES LIMITED,2025-03-07,5,0.44337960866731563,1255.45,1286.8362499999998,1318.2225,0.025,0.05,0.48332059576869363,0.41070061922073364
RAIN,RAIN INDUSTRIES LIMITED,2025-03-07,5,0.4433308885386362,131.17,134.44924999999998,137.7285,0.025,0.05,0.46230780435729346,0.4278043210506439
ORICONENT,ORICON ENTERPRISES LTD,2025-03-07,10,0.4431110890582855,40.04,41.041,42.042,0.025,0.05,0.4753931209978115,0.36778634786605835
MAHABANK,BANK OF MAHARASHTRA,2025-03-07,5,0.4430074788608187,47.96,49.159,50.358000000000004,0.025,0.05,0.47029219236153885,0.4206836223602295
TRITURBINE,TRIVENI TURBINE LIMITED,2025-03-07,5,0.4428882881498344,613.5,628.8375,644.1750000000001,0.025,0.05,0.4679997231112602,0.42234256863594055
ICIL,INDO COUNT INDUSTRIES LTD,2025-03-07,5,0.4427004643844139,281.25,288.28125,295.3125,0.025,0.05,0.4702865698970184,0.42013001441955566
MTNL,MAHANAGAR TELEPHONE NIGAM,2025-03-07,5,0.4426511071535387,42.54,43.6035,44.667,0.025,0.05,0.481561357756994,0.41081544756889343
VEDL,VEDANTA LIMITED,2025-03-07,5,0.4425819812184776,445.45,456.58624999999995,467.7225,0.025,0.05,0.47713938310548215,0.41430774331092834
WELCORP,WELSPUN CORP LIMITED,2025-03-07,5,0.44215411356991463,795.25,815.1312499999999,835.0125,0.025,0.05,0.47635080332901586,0.41417500376701355
AMBUJACEM,AMBUJA CEMENTS LTD,2025-03-07,5,0.4419407629106945,499.8,512.295,524.7900000000001,0.025,0.05,0.4465336089077937,0.4381829798221588
PAISALO,PAISALO DIGITAL LIMITED,2025-03-07,10,0.4419321220377796,37.86,38.80649999999999,39.753,0.025,0.05,0.4555124188121888,0.41024476289749146
GUJGASLTD,GUJARAT GAS LIMITED,2025-03-07,5,0.44175344349274925,389.0,398.72499999999997,408.45000000000005,0.025,0.05,0.45916560162725034,0.4275071322917938
TAJGVK,TAJ GVK HOTELS & RESORTS,2025-03-07,5,0.4415064578007054,484.45,496.56125,508.6725,0.025,0.05,0.4823411514914459,0.4080962538719177
GPPL,GUJARAT PIPAVAV PORT LTD,2025-03-07,5,0.4414608342415298,136.95,140.37374999999997,143.79749999999999,0.025,0.05,0.47713938310548215,0.4122692942619324
SANGHIIND,SANGHI INDUSTRIES LTD,2025-03-07,5,0.4413805582259602,55.92,57.318,58.716,0.025,0.05,0.4465336089077937,0.43716442584991455
CHOICEIN,CHOICE INTERNATIONAL LTD,2025-03-07,5,0.4409487225107956,487.05,499.22625,511.40250000000003,0.025,0.05,0.46769349276856315,0.4190666377544403
JYOTISTRUC,JYOTI STRUCTURES LTD,2025-03-07,5,0.44090648825631257,17.3,17.732499999999998,18.165000000000003,0.025,0.05,0.4702865698970184,0.4168682396411896
PFC,POWER FIN CORP LTD.,2025-03-07,5,0.44072226021245453,401.1,411.1275,421.15500000000003,0.025,0.05,0.4591650374190748,0.4256327152252197
PARACABLES,PARAMOUNT COMM LTD,2025-03-07,10,0.4403740254856384,57.08,58.50699999999999,59.934,0.025,0.05,0.455716009341143,0.40457606315612793
DHANI,DHANI SERVICES LIMITED,2025-03-07,10,0.439718423412215,62.96,64.53399999999999,66.108,0.025,0.05,0.4555124188121888,0.40286576747894287
POWERGRID,POWER GRID CORP. LTD.,2025-03-07,10,0.4394468572839094,263.3,269.8825,276.46500000000003,0.025,0.05,0.45787825287864226,0.3964402675628662
TATASTEEL,TATA STEEL LIMITED,2025-03-07,5,0.43937450382665133,151.56,155.349,159.138,0.025,0.05,0.4591650374190748,0.42318224906921387
KFINTECH,KFIN TECHNOLOGIES LIMITED,2025-03-07,5,0.43925153801147343,929.55,952.7887499999998,976.0275,0.025,0.05,0.47681935715022356,0.40851423144340515
SANGHIIND,SANGHI INDUSTRIES LTD,2025-03-07,7,0.43906335365660126,55.92,57.318,58.716,0.025,0.05,0.3575684952718652,0.5904109477996826
BCLIND,BCL INDUSTRIES LIMITED,2025-03-07,5,0.4388889713500471,40.53,41.54325,42.5565,0.025,0.05,0.4718572626322576,0.4119149148464203
MOREPENLAB,MOREPEN LAB. LTD,2025-03-07,5,0.43840374036774343,49.68,50.922,52.164,0.025,0.05,0.4718572626322576,0.41103267669677734
BANDHANBNK,BANDHAN BANK LIMITED,2025-03-07,5,0.43787828971527326,149.93,153.67825,157.4265,0.025,0.05,0.47279350602146225,0.40931129455566406
INDUSTOWER,INDUS TOWERS LIMITED,2025-03-07,5,0.4378316403690645,327.4,335.5849999999999,343.77,0.025,0.05,0.451693853021478,0.42648983001708984
UPL,UPL LIMITED,2025-03-07,5,0.4378177292037095,629.85,645.5962499999999,661.3425000000001,0.025,0.05,0.442130974462316,0.43428871035575867
TVSSCS,TVS SUPPLY CHAIN SOL L,2025-03-07,5,0.4377629561637373,144.02,147.6205,151.221,0.025,0.05,0.4718572626322576,0.40986761450767517
HDFCAMC,HDFC AMC LIMITED,2025-03-07,5,0.43756125163556936,3834.2,3930.0549999999994,4025.91,0.025,0.05,0.44626561230027684,0.4304395020008087
UJJIVANSFB,UJJIVAN SMALL FINANC BANK,2025-03-07,10,0.43755310494459226,34.76,35.629,36.498,0.025,0.05,0.4753931209978115,0.34925973415374756
SIGACHI,SIGACHI INDUSTRIES LTD,2025-03-07,7,0.4373118263001663,40.51,41.522749999999995,42.5355,0.025,0.05,0.4463503011549777,0.42052608728408813
ASHOKLEY,ASHOK LEYLAND LTD,2025-03-07,5,0.4372946999765087,209.78,215.0245,220.269,0.025,0.05,0.464364358075603,0.4151467978954315
TTML,TATA TELESERV(MAHARASTRA),2025-03-07,10,0.43703494864807446,60.73,62.24824999999999,63.7665,0.025,0.05,0.45699318247332354,0.39046573638916016
DBCORP,D.B.CORP LTD,2025-03-07,5,0.4370047776316137,230.09,235.84224999999998,241.5945,0.025,0.05,0.4718572626322576,0.4084891080856323
INDIANB,INDIAN BANK,2025-03-07,5,0.43611662864536893,530.15,543.40375,556.6575,0.025,0.05,0.44672989911174005,0.427433043718338
WEL,WONDER ELECTRICALS LTD,2025-03-07,5,0.4360165086580106,184.05,188.65125,193.25250000000003,0.025,0.05,0.4682985571121261,0.40960392355918884
CDSL,CENTRAL DEPO SER (I) LTD,2025-03-07,10,0.4357607277425616,1152.9,1181.7225,1210.545,0.025,0.05,0.46455510630387475,0.3685738444328308
ADANIPORTS,ADANI PORT & SEZ LTD,2025-03-07,5,0.43560557547763323,1144.5,1173.1125,1201.7250000000001,0.025,0.05,0.4591650374190748,0.41632965207099915
BLKASHYAP,B.L.KASHYAP & SON LTD,2025-03-07,5,0.435529575223763,51.42,52.7055,53.99100000000001,0.025,0.05,0.4823411514914459,0.3972291946411133
M&M,MAHINDRA & MAHINDRA LTD,2025-03-07,5,0.4354443099150208,2727.85,2796.04625,2864.2425,0.025,0.05,0.4467627596080628,0.4261837601661682
MICEL,MIC ELECTRONICS LTD,2025-03-07,10,0.4354044349388947,61.15,62.678749999999994,64.2075,0.025,0.05,0.45792154774732113,0.38286450505256653
SBFC,SBFC FINANCE LIMITED,2025-03-07,10,0.43520729469432634,86.6,88.76499999999999,90.92999999999999,0.025,0.05,0.4741009804063497,0.344455361366272
GAIL,GAIL (INDIA) LTD,2025-03-07,5,0.4351351760526456,158.14,162.09349999999998,166.047,0.025,0.05,0.43746363624377554,0.43323007225990295
NH,NARAYANA HRUDAYALAYA LTD.,2025-03-07,5,0.43455409300359926,1566.2,1605.355,1644.5100000000002,0.025,0.05,0.4913715332091482,0.3880670964717865
TI,TILAKNAGAR INDUSTRIES LTD,2025-03-07,5,0.43421520331804164,253.86,260.2065,266.553,0.025,0.05,0.47681935715022356,0.39935725927352905
EASEMYTRIP,EASY TRIP PLANNERS LTD,2025-03-07,10,0.4339154394344147,12.5,12.812499999999998,13.125,0.025,0.05,0.4753931209978115,0.3371341824531555
ADANIGREEN,ADANI GREEN ENERGY LTD,2025-03-07,10,0.43389095264778454,837.2,858.13,879.0600000000001,0.025,0.05,0.45699318247332354,0.3799857497215271
RATEGAIN,RATEGAIN TRAVEL TECHN LTD,2025-03-07,5,0.4338753613633739,506.35,519.00875,531.6675,0.025,0.05,0.4689595539929309,0.40517011284828186
IEX,INDIAN ENERGY EXC LTD,2025-03-07,5,0.4332056615491753,163.93,168.02824999999999,172.12650000000002,0.025,0.05,0.4549767714385733,0.4153929352760315
DATAPATTNS,DATA PATTERNS INDIA LTD,2025-03-07,5,0.43320159818077936,1628.25,1668.95625,1709.6625000000001,0.025,0.05,0.4682947972382628,0.4044889807701111
CUB,CITY UNION BANK LTD,2025-03-07,5,0.4331052104726183,155.93,159.82825,163.72650000000002,0.025,0.05,0.4607061302429542,0.4105226397514343
HEROMOTOCO,HERO MOTOCORP LIMITED,2025-03-07,5,0.43294169452154163,3652.5,3743.8124999999995,3835.125,0.025,0.05,0.4407587547294194,0.4265459179878235
GODREJCP,GODREJ CONSUMER PRODUCTS,2025-03-07,5,0.43284230361408127,1045.3,1071.4325,1097.565,0.025,0.05,0.4448723954188853,0.4229995012283325
IOB,INDIAN OVERSEAS BANK,2025-03-07,7,0.4322916210805271,44.67,45.78675,46.9035,0.025,0.05,0.3484434166191318,0.5880097150802612
HATHWAY,HATHWAY CABLE & DATACOM,2025-03-07,10,0.4322886703814117,14.17,14.524249999999999,14.8785,0.025,0.05,0.46530861491320363,0.35524213314056396
DELTACORP,DELTA CORP LIMITED,2025-03-07,5,0.4322695840223555,91.8,94.09499999999998,96.39,0.025,0.05,0.448596511466398,0.4189111888408661
PENIND,PENNAR INDUSTRIES LTD,2025-03-07,5,0.43188055675408077,174.25,178.60625,182.9625,0.025,0.05,0.4667292418563991,0.4033679962158203
TATAPOWER,TATA POWER CO LTD,2025-03-07,5,0.43178142824650656,351.45,360.23625,369.0225,0.025,0.05,0.442130974462316,0.42331361770629883
APTUS,APTUS VALUE HSG FIN I LTD,2025-03-07,5,0.43121108872330877,303.3,310.8825,318.46500000000003,0.025,0.05,0.451693853021478,0.414452463388443
POWERGRID,POWER GRID CORP. LTD.,2025-03-07,5,0.4310774071973539,263.3,269.8825,276.46500000000003,0.025,0.05,0.4360945785403199,0.4269724488258362
JBMA,JBM AUTO LIMITED,2025-03-07,5,0.4306515944195577,549.1,562.8275,576.5550000000001,0.025,0.05,0.4682985571121261,0.399849534034729
DEEPAKNTR,DEEPAK NITRITE LTD,2025-03-07,5,0.4301453261987823,1989.0,2038.725,2088.4500000000003,0.025,0.05,0.4565925100150942,0.40850672125816345
JINDALSTEL,JINDAL STEEL & POWER LTD,2025-03-07,5,0.4300428623663737,908.95,931.6737499999999,954.3975,0.025,0.05,0.4421740096382196,0.4201173782348633
MRPL,MRPL,2025-03-07,7,0.42962479826614997,113.67,116.51174999999999,119.35350000000001,0.025,0.05,0.38958029925526316,0.5039931535720825
NLCINDIA,NLC INDIA LIMITED,2025-03-07,5,0.42923389659729827,225.04,230.66599999999997,236.292,0.025,0.05,0.4747986823631045,0.39195361733436584
360ONE,360 ONE WAM LIMITED,2025-03-07,5,0.42914763578016796,972.9,997.2224999999999,1021.5450000000001,0.025,0.05,0.448596511466398,0.4132349193096161
INDIACEM,THE INDIA CEMENTS LIMITED,2025-03-07,5,0.4290803242925092,297.0,304.42499999999995,311.85,0.025,0.05,0.4913715332091482,0.37811478972435
PARSVNATH,PARSVNATH DEVELOPER LTD,2025-03-07,5,0.4289389364543995,22.46,23.0215,23.583000000000002,0.025,0.05,0.43645405937641646,0.42279019951820374
TATAMOTORS,TATA MOTORS LIMITED,2025-03-07,5,0.42873656888425116,648.3,664.5074999999999,680.715,0.025,0.05,0.4360945785403199,0.4227163791656494
EXIDEIND,EXIDE INDUSTRIES LTD,2025-03-07,5,0.42868074852415233,355.85,364.74625,373.64250000000004,0.025,0.05,0.4370243103015932,0.4218541979789734
MAHABANK,BANK OF MAHARASHTRA,2025-03-07,10,0.4284087019113972,47.96,49.159,50.358000000000004,0.025,0.05,0.4644484927183495,0.34431585669517517
HATHWAY,HATHWAY CABLE & DATACOM,2025-03-07,7,0.42840491343430076,14.17,14.524249999999999,14.8785,0.025,0.05,0.35869918586185945,0.557858407497406
SUNTV,SUN TV NETWORK LIMITED,2025-03-07,5,0.4283559620197484,569.9,584.1474999999999,598.395,0.025,0.05,0.46575513809165886,0.3977566361427307
HINDALCO,HINDALCO  INDUSTRIES  LTD,2025-03-07,5,0.42830973057148525,691.35,708.63375,725.9175,0.025,0.05,0.4356555627054122,0.42229950428009033
RGL,RENAISSANCE GLOBAL LTD,2025-03-07,5,0.4278453749609777,132.07,135.37175,138.6735,0.025,0.05,0.4682985571121261,0.3947473168373108
BPCL,BHARAT PETROLEUM CORP  LT,2025-03-07,5,0.4278095210194529,261.26,267.7915,274.323,0.025,0.05,0.45606077922713767,0.4046948552131653
MTNL,MAHANAGAR TELEPHONE NIGAM,2025-03-07,10,0.4273168404708894,42.54,43.6035,44.667,0.025,0.05,0.45699318247332354,0.35807204246520996
AUROPHARMA,AUROBINDO PHARMA LTD,2025-03-07,5,0.4272704499991933,1097.4,1124.835,1152.2700000000002,0.025,0.05,0.44533062379276295,0.4124939441680908
UJJIVANSFB,UJJIVAN SMALL FINANC BANK,2025-03-07,7,0.42689883748632035,34.76,35.629,36.498,0.025,0.05,0.4600504803342905,0.3653315007686615
PATANJALI,PATANJALI FOODS LIMITED,2025-03-07,5,0.4267265422433914,1749.65,1793.39125,1837.1325000000002,0.025,0.05,0.445603492809733,0.4112817645072937
MOL,MEGHMANI ORGANICS LIMITED,2025-03-07,10,0.42602280490196875,69.63,71.37074999999999,73.11149999999999,0.025,0.05,0.4555124188121888,0.35721370577812195
NHPC,NHPC LTD,2025-03-07,7,0.4259111035832424,77.03,78.95575,80.8815,0.025,0.05,0.2833893098844411,0.6905944347381592
SHRIRAMFIN,SHRIRAM FINANCE LIMITED,2025-03-07,5,0.4259109226856723,630.85,646.6212499999999,662.3925,0.025,0.05,0.4422006139035786,0.41258299350738525
ADANIENT,ADANI ENTERPRISES LIMITED,2025-03-07,5,0.4258827524788914,2247.5,2303.6875,2359.875,0.025,0.05,0.4506508051041625,0.40561798214912415
AEROFLEX,AEROFLEX INDUSTRIES LTD,2025-03-07,5,0.4250176228625273,176.42,180.83049999999997,185.24099999999999,0.025,0.05,0.48068013953780586,0.37947556376457214
NECLIFE,NECTAR LIFESCIENCES LTD.,2025-03-07,5,0.42499276587669255,29.23,29.960749999999997,30.6915,0.025,0.05,0.47681935715022356,0.382589191198349
DCAL,DISHMAN CARBO AMCIS LTD,2025-03-07,5,0.424814346823138,214.83,220.20075,225.57150000000001,0.025,0.05,0.47681935715022356,0.38226479291915894
GOLDIAM,GOLDIAM INTERNATIONAL LTD,2025-03-07,5,0.42463135268985774,389.35,399.08375,408.81750000000005,0.025,0.05,0.49124309413299616,0.37013083696365356
MSUMI,MOTHERSON SUMI WRNG IND L,2025-03-07,7,0.42459937650536983,52.55,53.86374999999999,55.1775,0.025,0.05,0.385202708436518,0.49776461720466614
ONGC,OIL AND NATURAL GAS CORP.,2025-03-07,5,0.42445473162529535,232.89,238.71224999999995,244.5345,0.025,0.05,0.4356555627054122,0.4152904152870178
TVSMOTOR,TVS MOTOR COMPANY  LTD,2025-03-07,5,0.42430141513813247,2332.9,2391.2225,2449.545,0.025,0.05,0.4540542418265498,0.39995819330215454
ABFRL,ADITYA BIRLA FASHION & RT,2025-03-07,5,0.42385890169906226,242.31,248.36774999999997,254.4255,0.025,0.05,0.4470420211325665,0.40489089488983154
EQUITASBNK,EQUITAS SMALL FIN BNK LTD,2025-03-07,7,0.4235879771557068,59.26,60.741499999999995,62.223,0.025,0.05,0.3809005010810594,0.5028647184371948
BATAINDIA,BATA INDIA LTD,2025-03-07,5,0.4231092670044361,1233.1,1263.9274999999998,1294.7549999999999,0.025,0.05,0.47700280800595507,0.3790145516395569
UNIONBANK,UNION BANK OF INDIA,2025-03-07,5,0.42295105687837925,117.78,120.72449999999999,123.66900000000001,0.025,0.05,0.4592246431346541,0.39327266812324524
M&MFIN,M&M FIN. SERVICES LTD,2025-03-07,5,0.42282007975162716,274.65,281.51624999999996,288.3825,0.025,0.05,0.4384001933376359,0.4100727140903473
RCF,RASHTRIYA CHEMICALS & FER,2025-03-07,7,0.4226730302068683,124.95,128.07375,131.19750000000002,0.025,0.05,0.3814050349047693,0.4993135929107666
IOC,INDIAN OIL CORP LTD,2025-03-07,5,0.4222757427112592,124.84,127.961,131.08200000000002,0.025,0.05,0.4481601810491378,0.4010975658893585
JKPAPER,JK PAPER LIMITED,2025-03-07,10,0.42152045383022924,310.1,317.8525,325.605,0.025,0.05,0.45792154774732113,0.33658456802368164
MANAPPURAM,MANAPPURAM FINANCE LTD,2025-03-07,5,0.4212860665474576,208.39,213.59974999999997,218.80949999999999,0.025,0.05,0.4607385842345913,0.38900673389434814
KTKBANK,KARNATAKA BANK LIMITED,2025-03-07,7,0.4212637687172224,179.43,183.91575,188.40150000000003,0.025,0.05,0.3143591459662073,0.6198009252548218
DCBBANK,DCB BANK LIMITED,2025-03-07,5,0.4210866852905286,108.93,111.65325,114.37650000000001,0.025,0.05,0.4355429376288549,0.4092588424682617
MFSL,MAX FINANCIAL SERV LTD,2025-03-07,5,0.4209387482945235,1036.6,1062.5149999999999,1088.43,0.025,0.05,0.43362172152027184,0.41056177020072937
MAHABANK,BANK OF MAHARASHTRA,2025-03-07,7,0.42006630493806474,47.96,49.159,50.358000000000004,0.025,0.05,0.3567920035827874,0.5375757217407227
RAMCOCEM,THE RAMCO CEMENTS LIMITED,2025-03-07,5,0.41987900956048385,871.65,893.4412499999999,915.2325,0.025,0.05,0.4305403215702775,0.4111561179161072
RELIANCE,RELIANCE INDUSTRIES LTD,2025-03-07,5,0.41958073234986415,1249.8,1281.0449999999998,1312.29,0.025,0.05,0.41476246728789257,0.42352294921875
KARURVYSYA,KARUR VYSYA BANK LTD,2025-03-07,5,0.4194992073196998,204.03,209.13074999999998,214.2315,0.025,0.05,0.4370243103015932,0.40516048669815063
IOB,INDIAN OVERSEAS BANK,2025-03-07,10,0.4193304018737266,44.67,45.78675,46.9035,0.025,0.05,0.4616081014362673,0.32068243622779846
SJVN,SJVN LTD,2025-03-07,7,0.41862688611831333,87.76,89.954,92.14800000000001,0.025,0.05,0.3628075527974591,0.522291362285614
ELECON,ELECON ENG. CO. LTD,2025-03-07,10,0.4185584982048067,437.55,448.48875,459.4275,0.025,0.05,0.45699318247332354,0.3288775682449341
SYNGENE,SYNGENE INTERNATIONAL LTD,2025-03-07,5,0.41854951305760757,679.65,696.6412499999999,713.6325,0.025,0.05,0.4305403215702775,0.4087388515472412
SKIPPER,SKIPPER LIMITED,2025-03-07,5,0.4182583932012737,422.7,433.2674999999999,443.835,0.025,0.05,0.47681935715022356,0.370344877243042
NHPC,NHPC LTD,2025-03-07,5,0.41823598012192653,77.03,78.95575,80.8815,0.025,0.05,0.43566117385722103,0.40397900342941284
FINCABLES,FINOLEX CABLES LTD,2025-03-07,5,0.4180514702942594,834.65,855.5162499999999,876.3825,0.025,0.05,0.46472026457314664,0.37986791133880615
RPOWER,RELIANCE POWER LTD.,2025-03-07,10,0.41803942321778814,36.04,36.940999999999995,37.842,0.025,0.05,0.46573762381419515,0.3067436218261719
ALEMBICLTD,ALEMBIC LIMITED,2025-03-07,10,0.41767611517475745,99.27,101.75174999999999,104.2335,0.025,0.05,0.45792154774732113,0.32377010583877563
SIGACHI,SIGACHI INDUSTRIES LTD,2025-03-07,10,0.41625060520888063,40.51,41.522749999999995,42.5355,0.025,0.05,0.4596601225410288,0.3149617314338684
KANSAINER,KANSAI NEROLAC PAINTS LTD,2025-03-07,5,0.41625031064049334,235.65,241.54125,247.4325,0.025,0.05,0.4296775621417701,0.40526437759399414
J&KBANK,J & K BANK LTD.,2025-03-07,10,0.4156277539523928,96.54,98.95349999999999,101.367,0.025,0.05,0.46455510630387475,0.30146393179893494
KTKBANK,KARNATAKA BANK LIMITED,2025-03-07,5,0.4152305359765209,179.43,183.91575,188.40150000000003,0.025,0.05,0.44418269619330586,0.3915424048900604
GAEL,GUJARAT AMBUJA EXPORTS LT,2025-03-07,7,0.4151020567953263,108.68,111.39699999999999,114.11400000000002,0.025,0.05,0.3673583286449961,0.5037689805030823
BANKINDIA,BANK OF INDIA,2025-03-07,5,0.41508472473715585,97.41,99.84525,102.2805,0.025,0.05,0.43250093661623623,0.4008350968360901
ORIENTHOT,ORIENT HOTELS LTD,2025-03-07,7,0.4144502005701607,149.79,153.53474999999997,157.27949999999998,0.025,0.05,0.4045925540382046,0.43275725841522217
JINDWORLD,JINDAL WORLDWIDE LTD,2025-03-07,10,0.41423931531704594,62.49,64.05225,65.6145,0.025,0.05,0.4555124188121888,0.31793540716171265
GPPL,GUJARAT PIPAVAV PORT LTD,2025-03-07,7,0.41377508204848257,136.95,140.37374999999997,143.79749999999999,0.025,0.05,0.30567340914516405,0.6145353317260742
ENGINERSIN,ENGINEERS INDIA LTD,2025-03-07,10,0.4135462821917405,161.37,165.40425,169.4385,0.025,0.05,0.45792154774732113,0.31000399589538574
JISLJALEQS,JAIN IRRIGATION SYSTEMS,2025-03-07,10,0.4125456930594315,61.84,63.385999999999996,64.932,0.025,0.05,0.45792154774732113,0.3066686987876892
ICICIGI,ICICI LOMBARD GIC LIMITED,2025-03-07,5,0.41243722898388124,1686.95,1729.12375,1771.2975000000001,0.025,0.05,0.42917640038384813,0.39874154329299927
SBILIFE,SBI LIFE INSURANCE CO LTD,2025-03-07,5,0.41242725202290786,1411.6,1446.8899999999999,1482.18,0.025,0.05,0.42187260475089305,0.4046992361545563
LUPIN,LUPIN LIMITED,2025-03-07,5,0.41209554177699265,2030.0,2080.75,2131.5,0.025,0.05,0.4364084623958838,0.392203152179718
SOUTHBANK,THE SOUTH INDIAN BANK LTD,2025-03-07,7,0.411668000230103,25.5,26.1375,26.775000000000002,0.025,0.05,0.4150796610711619,0.4053320586681366
CHOLAFIN,CHOLAMANDALAM IN & FIN CO,2025-03-07,5,0.411491211919779,1457.35,1493.7837499999998,1530.2175,0.025,0.05,0.4414736588107091,0.38696011900901794
IRCTC,INDIAN RAIL TOUR CORP LTD,2025-03-07,5,0.41147069613234133,700.65,718.1662499999999,735.6825,0.025,0.05,0.4296775621417701,0.3965741693973541
SNOWMAN,SNOWMAN LOGISTICS LTD.,2025-03-07,7,0.40884015205082996,49.68,50.922,52.164,0.025,0.05,0.4388975675683404,0.35301923751831055
HAVELLS,HAVELLS INDIA LIMITED,2025-03-07,5,0.4079765415585229,1460.55,1497.0637499999998,1533.5775,0.025,0.05,0.4346628567457617,0.3861422836780548
DMART,AVENUE SUPERMARTS LIMITED,2025-03-07,5,0.4079726839690899,3593.6,3683.4399999999996,3773.28,0.025,0.05,0.42535223444954007,0.3937530517578125
PNBGILTS,PNB GILTS LIMITED,2025-03-07,7,0.407926399554843,81.28,83.312,85.34400000000001,0.025,0.05,0.3733460025084849,0.472147136926651
STLTECH,STERLITE TECHNOLOGIES LTD,2025-03-07,7,0.4079049654202194,85.64,87.78099999999999,89.92200000000001,0.025,0.05,0.426844728664944,0.37273111939430237
FILATEX,FILATEX INDIA LTD,2025-03-07,10,0.4078767438541444,40.37,41.37924999999999,42.3885,0.025,0.05,0.45699318247332354,0.2932717204093933
LICHSGFIN,LIC HOUSING FINANCE LTD,2025-03-07,5,0.40786747004496887,532.4,545.7099999999999,559.02,0.025,0.05,0.42779727039310295,0.39156126976013184
SUZLON,SUZLON ENERGY LIMITED,2025-03-07,10,0.4072457048318044,54.92,56.293,57.666000000000004,0.025,0.05,0.46755681336227706,0.26651978492736816
HITECH,HI-TECH PIPES LIMITED,2025-03-07,10,0.40687262743922625,113.88,116.72699999999999,119.574,0.025,0.05,0.46755681336227706,0.2652761936187744
BERGEPAINT,BERGER PAINTS (I) LTD,2025-03-07,5,0.4064091272121824,509.35,522.08375,534.8175,0.025,0.05,0.42823223426742846,0.3885538578033447
NFL,NATIONAL FERT. LTD,2025-03-07,10,0.4063147874073853,83.38,85.46449999999999,87.54899999999999,0.025,0.05,0.45792154774732113,0.28589901328086853
RVNL,RAIL VIKAS NIGAM LIMITED,2025-03-07,10,0.4057737310539278,341.5,350.03749999999997,358.575,0.025,0.05,0.45699318247332354,0.2862616777420044
CAMPUS,CAMPUS ACTIVEWEAR LIMITED,2025-03-07,5,0.40563734881226354,264.25,270.85625,277.46250000000003,0.025,0.05,0.45647911478290143,0.3640395402908325
IIFLCAPS,IIFL CAPITAL SERVICES LTD,2025-03-07,10,0.4054126469112671,213.25,218.58124999999998,223.91250000000002,0.025,0.05,0.455716009341143,0.28803813457489014
SNOWMAN,SNOWMAN LOGISTICS LTD.,2025-03-07,10,0.40537209236699007,49.68,50.922,52.164,0.025,0.05,0.4666257291191769,0.26244693994522095
FSL,FIRSTSOURCE SOLU. LTD.,2025-03-07,10,0.40532097532318734,353.3,362.1325,370.96500000000003,0.025,0.05,0.45792154774732113,0.28258630633354187
COLPAL,COLGATE PALMOLIVE LTD.,2025-03-07,5,0.40470540323703064,2474.15,2536.00375,2597.8575,0.025,0.05,0.42187260475089305,0.39065951108932495
SWSOLAR,STRLNG & WIL REN ENE LTD,2025-03-07,10,0.4039520857549942,256.35,262.75875,269.1675,0.025,0.05,0.455716009341143,0.28316959738731384
SEQUENT,SEQUENT SCIENTIFIC LTD.,2025-03-07,7,0.4037269813837773,155.35,159.23375,163.1175,0.025,0.05,0.3618001453421309,0.4815911054611206
SUZLON,SUZLON ENERGY LIMITED,2025-03-07,7,0.4035245947264746,54.92,56.293,57.666000000000004,0.025,0.05,0.44385187552878724,0.32863107323646545
TATASTEEL,TATA STEEL LIMITED,2025-03-07,10,0.4028388881761744,151.56,155.349,159.138,0.025,0.05,0.4694336559203289,0.24745109677314758
TATACHEM,TATA CHEMICALS LTD,2025-03-07,5,0.4018220247092269,815.3,835.6824999999999,856.0649999999999,0.025,0.05,0.42917640038384813,0.37944117188453674
NLCINDIA,NLC INDIA LIMITED,2025-03-07,10,0.401580119146367,225.04,230.66599999999997,236.292,0.025,0.05,0.46534470577106607,0.25279608368873596
IOC,INDIAN OIL CORP LTD,2025-03-07,10,0.40121729637109027,124.84,127.961,131.08200000000002,0.025,0.05,0.4698371115883588,0.241104394197464
ASTRAL,ASTRAL LIMITED,2025-03-07,5,0.400721019213255,1332.65,1365.96625,1399.2825000000003,0.025,0.05,0.4204897807811272,0.38454657793045044
IGL,INDRAPRASTHA GAS LTD,2025-03-07,10,0.4001175244687445,188.49,193.20225,197.9145,0.025,0.05,0.4628332072834808,0.25378093123435974
BANKBARODA,BANK OF BARODA,2025-03-07,5,0.3991666761457821,205.9,211.04749999999999,216.19500000000002,0.025,0.05,0.42548353085250773,0.3776347041130066
HINDCOPPER,HINDUSTAN COPPER LTD,2025-03-07,10,0.39899786426590583,223.85,229.44624999999996,235.0425,0.025,0.05,0.45792154774732113,0.2615092694759369
FEDERALBNK,FEDERAL BANK LTD,2025-03-07,10,0.3989158943793377,180.51,185.02274999999997,189.53549999999998,0.025,0.05,0.4584466326096514,0.26001083850860596
PNB,PUNJAB NATIONAL BANK,2025-03-07,7,0.3987991313482666,91.17,93.44924999999999,95.72850000000001,0.025,0.05,0.28924158144384526,0.6022631525993347
EQUITASBNK,EQUITAS SMALL FIN BNK LTD,2025-03-07,10,0.3982048126252978,59.26,60.741499999999995,62.223,0.025,0.05,0.46455510630387475,0.24338746070861816
DCW,DCW LTD,2025-03-07,7,0.3979276477045841,77.74,79.68349999999998,81.627,0.025,0.05,0.36622115721259774,0.4568111300468445
IEX,INDIAN ENERGY EXC LTD,2025-03-07,10,0.39752919389771124,163.93,168.02824999999999,172.12650000000002,0.025,0.05,0.45792154774732113,0.25661370158195496
PARSVNATH,PARSVNATH DEVELOPER LTD,2025-03-07,10,0.39720347792943245,22.46,23.0215,23.583000000000002,0.025,0.05,0.45787825287864226,0.2556290030479431
JAGSNPHARM,JAGSONPAL PHARMACEUTICALS,2025-03-07,5,0.39719837271746955,220.22,225.72549999999998,231.231,0.025,0.05,0.4587603600726516,0.34682947397232056
BRITANNIA,BRITANNIA INDUSTRIES LTD,2025-03-07,5,0.39699324822431736,4748.25,4866.956249999999,4985.6625,0.025,0.05,0.4283143183921428,0.3713669180870056
IDFCFIRSTB,IDFC FIRST BANK LIMITED,2025-03-07,5,0.39650862461621517,57.34,58.7735,60.20700000000001,0.025,0.05,0.42535223444954007,0.3729093074798584
EDELWEISS,EDELWEISS FIN SERV LTD,2025-03-07,7,0.3964073009070411,94.43,96.79075,99.15150000000001,0.025,0.05,0.36629240203769614,0.4523349702358246
BOMDYEING,BOMBAY DYEING & MFG. CO L,2025-03-07,7,0.39592739280825545,140.55,144.06375,147.57750000000001,0.025,0.05,0.418754308449392,0.3535345494747162
JKTYRE,JK TYRE & INDUSTRIES LTD,2025-03-07,10,0.3918057666616311,279.65,286.64124999999996,293.6325,0.025,0.05,0.45792154774732113,0.23753561079502106
OIL,OIL INDIA LTD,2025-03-07,10,0.39099346413181923,369.75,378.99375,388.2375,0.025,0.05,0.45792154774732113,0.2348279356956482
LICI,LIFE INSURA CORP OF INDIA,2025-03-07,5,0.39058663406096983,763.15,782.2287499999999,801.3075,0.025,0.05,0.419991443733884,0.36652815341949463
STARCEMENT,STAR CEMENT LIMITED,2025-03-07,10,0.39052166803644794,214.66,220.02649999999997,225.393,0.025,0.05,0.45792154774732113,0.2332552820444107
NESTLEIND,NESTLE INDIA LIMITED,2025-03-07,5,0.3900178935758388,2238.45,2294.4112499999997,2350.3725,0.025,0.05,0.40337051542425956,0.3790930211544037
PATELENG,PATEL ENGINEERING LTD.,2025-03-07,7,0.3900090090011194,43.48,44.56699999999999,45.653999999999996,0.025,0.05,0.35922679405558333,0.4471759796142578
BHARATFORG,BHARAT FORGE LTD,2025-03-07,5,0.3897417763101999,1087.8,1114.995,1142.19,0.025,0.05,0.42369564909139024,0.36196133494377136
BALMLAWRIE,BALMER LAWRIE & CO LTD,2025-03-07,10,0.38856654638129134,177.27,181.70175,186.13350000000003,0.025,0.05,0.4666257291191769,0.20642845332622528
PRAKASH,PRAKASH INDUSTRIES LTD,2025-03-07,10,0.3876100974686708,157.14,161.06849999999997,164.99699999999999,0.025,0.05,0.4666257291191769,0.2032402902841568
BEPL,BHANSALI ENG. POLYMERS LT,2025-03-07,7,0.38740360352585146,108.65,111.36625,114.08250000000001,0.025,0.05,0.3722165947264499,0.4156080484390259
CUB,CITY UNION BANK LTD,2025-03-07,7,0.3873718793601381,155.93,159.82825,163.72650000000002,0.025,0.05,0.3265964335983514,0.5002405643463135
NIACL,THE NEW INDIA ASSU CO LTD,2025-03-07,7,0.38717134049404067,151.98,155.77949999999998,159.579,0.025,0.05,0.376498764155284,0.4069918394088745
JTLIND,JTL INDUSTRIES LIMITED,2025-03-07,10,0.38713010414408344,81.64,83.681,85.72200000000001,0.025,0.05,0.45792154774732113,0.22195006906986237
RELINFRA,RELIANCE INFRASTRUCTU LTD,2025-03-07,10,0.38650368712938954,239.35,245.33374999999998,251.3175,0.025,0.05,0.4555124188121888,0.22548331320285797
EASEMYTRIP,EASY TRIP PLANNERS LTD,2025-03-07,7,0.38623378327576624,12.5,12.812499999999998,13.125,0.025,0.05,0.3770151627535745,0.40335407853126526
TARC,TARC LIMITED,2025-03-07,10,0.3855413646893372,122.35,125.40874999999998,128.4675,0.025,0.05,0.45792154774732113,0.21665427088737488
SAIL,STEEL AUTHORITY OF INDIA,2025-03-07,10,0.38523394492285007,110.91,113.68274999999998,116.4555,0.025,0.05,0.4712535019008398,0.1845216453075409
AUBANK,AU SMALL FINANCE BANK LTD,2025-03-07,5,0.3843076390783253,544.3,557.9074999999999,571.515,0.025,0.05,0.4118784429321163,0.36174970865249634
PARADEEP,PARADEEP PHOSPHATES LTD,2025-03-07,7,0.3833746369171367,94.72,97.088,99.456,0.025,0.05,0.39040606686522183,0.3703162670135498
M&MFIN,M&M FIN. SERVICES LTD,2025-03-07,10,0.3829209392307646,274.65,281.51624999999996,288.3825,0.025,0.05,0.4628332072834808,0.19645898044109344
ABCAPITAL,ADITYA BIRLA CAPITAL LTD.,2025-03-07,10,0.38231945790039373,160.85,164.87124999999997,168.8925,0.025,0.05,0.47331827463403875,0.16998888552188873
GVKPIL,GVK POW. & INFRA LTD.,2025-03-07,5,0.38218480046313075,4.01,4.11025,4.2105,0.025,0.05,0.4161894486065499,0.354362815618515
TECHM,TECH MAHINDRA LIMITED,2025-03-07,5,0.381323328325158,1492.35,1529.6587499999998,1566.9675,0.025,0.05,0.4319322235253245,0.33991605043411255
ORICONENT,ORICON ENTERPRISES LTD,2025-03-07,7,0.3810569328766635,40.04,41.041,42.042,0.025,0.05,0.3844911085797534,0.37467917799949646
CUPID,CUPID LIMITED,2025-03-07,10,0.38062018169926304,65.72,67.363,69.006,0.025,0.05,0.45792154774732113,0.20025032758712769
FEDERALBNK,FEDERAL BANK LTD,2025-03-07,5,0.38021355267088675,180.51,185.02274999999997,189.53549999999998,0.025,0.05,0.4161894486065499,0.350778728723526
SJVN,SJVN LTD,2025-03-07,10,0.3800151364566276,87.76,89.954,92.14800000000001,0.025,0.05,0.4616081014362673,0.18963155150413513
BAJAJFINSV,BAJAJ FINSERV LTD.,2025-03-07,5,0.379691210534604,1845.3,1891.4325,1937.565,0.025,0.05,0.4241236981339621,0.34333735704421997
HINDPETRO,HINDUSTAN PETROLEUM CORP,2025-03-07,10,0.3795825767538205,332.45,340.76124999999996,349.0725,0.025,0.05,0.46755681336227706,0.1743093580007553
YESBANK,YES BANK LIMITED,2025-03-07,5,0.37894808080152853,16.88,17.301999999999996,17.724,0.025,0.05,0.41210583572820786,0.3518190085887909
ONEPOINT,ONE POINT ONE SOL LTD,2025-03-07,10,0.378463500977334,51.06,52.3365,53.61300000000001,0.025,0.05,0.4666257291191769,0.17275163531303406
DELTACORP,DELTA CORP LIMITED,2025-03-07,10,0.37846101537956695,91.8,94.09499999999998,96.39,0.025,0.05,0.4616081014362673,0.1844511479139328
MRPL,MRPL,2025-03-07,10,0.37804124667214056,113.67,116.51174999999999,119.35350000000001,0.025,0.05,0.45792154774732113,0.19165387749671936
BALMLAWRIE,BALMER LAWRIE & CO LTD,2025-03-07,7,0.37752494206160214,177.27,181.70175,186.13350000000003,0.025,0.05,0.4236529169958357,0.2918587028980255
RBLBANK,RBL BANK LIMITED,2025-03-07,10,0.37724441319862767,163.79,167.88474999999997,171.9795,0.025,0.05,0.4749451411644584,0.14927604794502258
CONFIPET,CONFIDENCE PETRO IND LTD.,2025-03-07,10,0.3771733464197983,53.68,55.022,56.364000000000004,0.025,0.05,0.45792154774732113,0.1887608766555786
PNB,PUNJAB NATIONAL BANK,2025-03-07,5,0.3770467589403809,91.17,93.44924999999999,95.72850000000001,0.025,0.05,0.4057251137948965,0.3535826504230499
SUVEN,SUVEN LIFE SCIENCES LTD,2025-03-07,10,0.3769324334867563,126.07,129.22175,132.3735,0.025,0.05,0.4666257291191769,0.1676480770111084
RGL,RENAISSANCE GLOBAL LTD,2025-03-07,7,0.37665531008707065,132.07,135.37175,138.6735,0.025,0.05,0.37840585707497265,0.37340429425239563
LICHSGFIN,LIC HOUSING FINANCE LTD,2025-03-07,10,0.37640014858086834,532.4,545.7099999999999,559.02,0.025,0.05,0.45787825287864226,0.18628457188606262
BLISSGVS,BLISS GVS PHARMA LTD,2025-03-07,7,0.3745389090441764,124.83,127.95074999999999,131.07150000000001,0.025,0.05,0.38254533386583517,0.35966983437538147
TRIVENI,TRIVENI ENGG. & INDS. LTD,2025-03-07,10,0.3744108530900136,374.15,383.50374999999997,392.8575,0.025,0.05,0.46755681336227706,0.15707027912139893
PNBGILTS,PNB GILTS LIMITED,2025-03-07,10,0.3741941587524285,81.28,83.312,85.34400000000001,0.025,0.05,0.45792154774732113,0.17883025109767914
NCC,NCC LIMITED,2025-03-07,10,0.37343933906224425,184.74,189.3585,193.977,0.025,0.05,0.4613574172211127,0.1682971566915512
ORIENTCEM,ORIENT CEMENT LTD.,2025-03-07,10,0.3730140697581223,336.45,344.86125,353.2725,0.025,0.05,0.46735305397604926,0.15288977324962616
UNIONBANK,UNION BANK OF INDIA,2025-03-07,10,0.37252901948677375,117.78,120.72449999999999,123.66900000000001,0.025,0.05,0.47331827463403875,0.13735409080982208
ZYDUSLIFE,ZYDUS LIFESCIENCES LTD,2025-03-07,5,0.3724720813657824,900.8,923.3199999999998,945.84,0.025,0.05,0.3936910315412026,0.35511112213134766
KPIGREEN,KPI GREEN ENERGY LIMITED,2025-03-07,10,0.37214376527176224,405.35,415.48375,425.61750000000006,0.025,0.05,0.45699318247332354,0.17416179180145264
WEL,WONDER ELECTRICALS LTD,2025-03-07,10,0.371954123975958,184.05,188.65125,193.25250000000003,0.025,0.05,0.46755681336227706,0.14888118207454681
THOMASCOOK,THOMAS COOK (INDIA) LTD,2025-03-07,10,0.3716985854527608,137.85,141.29625,144.7425,0.025,0.05,0.46755681336227706,0.1480293869972229
MOTHERSON,SAMVRDHNA MTHRSN INTL LTD,2025-03-07,10,0.3713753473072209,127.79,130.98475,134.17950000000002,0.025,0.05,0.4742078477866533,0.13143284618854523
BPCL,BHARAT PETROLEUM CORP  LT,2025-03-07,10,0.3702753984368083,261.26,267.7915,274.323,0.025,0.05,0.47248174156975703,0.13179393112659454
HINDZINC,HINDUSTAN ZINC LIMITED,2025-03-07,10,0.36979249491691607,429.35,440.08375,450.81750000000005,0.025,0.05,0.46366767265115494,0.15075041353702545
IDBI,IDBI BANK LIMITED,2025-03-07,10,0.3694113574862482,72.79,74.60975,76.4295,0.025,0.05,0.46366767265115494,0.1494799554347992
JPASSOCIAT,JAIPRAKASH ASSOCIATES LTD,2025-03-07,10,0.36900562688515115,4.7,4.8175,4.9350000000000005,0.025,0.05,0.4731768865642878,0.12593935430049896
IDFCFIRSTB,IDFC FIRST BANK LIMITED,2025-03-07,10,0.3685395953162504,57.34,58.7735,60.20700000000001,0.025,0.05,0.45787825287864226,0.16008272767066956
ASTERDM,ASTER DM HEALTHCARE LTD.,2025-03-07,10,0.368194054284939,417.45,427.88624999999996,438.3225,0.025,0.05,0.46455510630387475,0.14335159957408905
STLTECH,STERLITE TECHNOLOGIES LTD,2025-03-07,10,0.36817449826107346,85.64,87.78099999999999,89.92200000000001,0.025,0.05,0.45699318247332354,0.16093090176582336
HDFCLIFE,HDFC LIFE INS CO LTD,2025-03-07,5,0.36814497308890337,625.2,640.83,656.46,0.025,0.05,0.3866392682428782,0.353013277053833
VEDL,VEDANTA LIMITED,2025-03-07,10,0.3671839179159591,445.45,456.58624999999995,467.7225,0.025,0.05,0.4616081014362673,0.14686082303524017
EKC,EVEREST KANTO CYLINDERLTD,2025-03-07,10,0.3671009128104242,128.12,131.32299999999998,134.526,0.025,0.05,0.45699318247332354,0.1573522835969925
INOXWIND,INOX WIND LIMITED,2025-03-07,10,0.36664074074268854,170.75,175.01874999999998,179.2875,0.025,0.05,0.4651404897519594,0.13680799305438995
PPLPHARMA,PIRAMAL PHARMA LIMITED,2025-03-07,10,0.3664529950814118,201.46,206.4965,211.53300000000002,0.025,0.05,0.45792154774732113,0.15302637219429016
APOLLOTYRE,APOLLO TYRES LTD,2025-03-07,10,0.3660178144811041,411.7,421.99249999999995,432.285,0.025,0.05,0.4628332072834808,0.14011523127555847
NYKAA,FSN E COMMERCE VENTURES,2025-03-07,10,0.36534435077905675,164.79,168.90974999999997,173.0295,0.025,0.05,0.46366767265115494,0.13592326641082764
GRAPHITE,GRAPHITE INDIA LTD,2025-03-07,10,0.3652916777155057,412.85,423.17125,433.49250000000006,0.025,0.05,0.46755681336227706,0.12667302787303925
NBCC,NBCC (INDIA) LIMITED,2025-03-07,10,0.3651890845494141,80.76,82.779,84.79800000000002,0.025,0.05,0.45792154774732113,0.14881333708763123
SARDAEN,SARDA ENERGY & MIN LTD,2025-03-07,10,0.36515881002160466,471.05,482.82624999999996,494.6025,0.025,0.05,0.46755681336227706,0.1262301355600357
ASHOKA,ASHOKA BUILDCON LTD,2025-03-07,7,0.3650913590350411,189.41,194.14524999999998,198.8805,0.025,0.05,0.4019664356584215,0.2966090738773346
KCP,KCP LTD,2025-03-07,10,0.3649563613555089,195.87,200.76674999999997,205.66350000000003,0.025,0.05,0.46755681336227706,0.12555530667304993
INOXGREEN,INOX GREEN ENERGY SER LTD,2025-03-07,10,0.36476915651636976,129.25,132.48125,135.7125,0.025,0.05,0.4666257291191769,0.12710382044315338
SKIPPER,SKIPPER LIMITED,2025-03-07,10,0.36415991085872973,422.7,433.2674999999999,443.835,0.025,0.05,0.45699318247332354,0.14754894375801086
CHOICEIN,CHOICE INTERNATIONAL LTD,2025-03-07,10,0.36392255596245215,487.05,499.22625,511.40250000000003,0.025,0.05,0.46455510630387475,0.12911327183246613
MOIL,MOIL LIMITED,2025-03-07,10,0.36383996561380777,332.55,340.86375,349.1775,0.025,0.05,0.46755681336227706,0.12183398753404617
WIPRO,WIPRO LTD,2025-03-07,5,0.3635117753915098,284.8,291.91999999999996,299.04,0.025,0.05,0.4161894486065499,0.3204118609428406
IRCON,IRCON INTERNATIONAL LTD,2025-03-07,7,0.3634724923647015,151.94,155.7385,159.537,0.025,0.05,0.418754308449392,0.26080626249313354
AWL,ADANI WILMAR LIMITED,2025-03-07,10,0.36263164386364377,260.84,267.36099999999993,273.882,0.025,0.05,0.46755681336227706,0.11780624836683273
TORNTPHARM,TORRENT PHARMACEUTICALS L,2025-03-07,5,0.36256634506543095,3073.8,3150.645,3227.4900000000002,0.025,0.05,0.39682133800364455,0.334539532661438
NBCC,NBCC (INDIA) LIMITED,2025-03-07,7,0.36253390721996287,80.76,82.779,84.79800000000002,0.025,0.05,0.3812313372128997,0.3278101086616516
KELLTONTEC,KELLTON TECH SOL LTD,2025-03-07,10,0.3624671769954002,118.54,121.5035,124.46700000000001,0.025,0.05,0.455716009341143,0.1448865681886673
DIVISLAB,DIVI S LABORATORIES LTD,2025-03-07,5,0.36235289051495745,5578.75,5718.218749999999,5857.6875,0.025,0.05,0.3920029053944735,0.3380937874317169
GAIL,GAIL (INDIA) LTD,2025-03-07,10,0.36216743559678327,158.14,162.09349999999998,166.047,0.025,0.05,0.45787825287864226,0.13884219527244568
KITEX,KITEX GARMENTS LTD,2025-03-07,10,0.36202007132873854,171.41,175.69525,179.9805,0.025,0.05,0.45699318247332354,0.14041614532470703
SPARC,SUN PHARMA ADV.RES.CO.LTD,2025-03-07,10,0.3618049682283453,136.6,140.015,143.43,0.025,0.05,0.4651404897519594,0.12068875133991241
ZOMATO,ZOMATO LIMITED,2025-03-07,10,0.36170481837714596,216.83,222.25074999999998,227.6715,0.025,0.05,0.46455510630387475,0.1217208132147789
PARADEEP,PARADEEP PHOSPHATES LTD,2025-03-07,10,0.3616192994333542,94.72,97.088,99.456,0.025,0.05,0.455716009341143,0.1420603096485138
MUTHOOTFIN,MUTHOOT FINANCE LIMITED,2025-03-07,5,0.36121545374462705,2179.45,2233.9362499999997,2288.4225,0.025,0.05,0.39006732106362674,0.3376093804836273
RECLTD,REC LIMITED,2025-03-07,10,0.3610128940539231,406.2,416.35499999999996,426.51,0.025,0.05,0.45792154774732113,0.13489270210266113
BEPL,BHANSALI ENG. POLYMERS LT,2025-03-07,10,0.36095469011829995,108.65,111.36625,114.08250000000001,0.025,0.05,0.45792154774732113,0.13469868898391724
ARVINDFASN,ARVIND FASHIONS LIMITED,2025-03-07,10,0.3607428391586336,394.2,404.05499999999995,413.91,0.025,0.05,0.45699318247332354,0.13615870475769043
RAIN,RAIN INDUSTRIES LIMITED,2025-03-07,7,0.3597209876335258,131.17,134.44924999999998,137.7285,0.025,0.05,0.3186044151288721,0.43608033657073975
PARAGMILK,PARAG MILK FOODS LTD.,2025-03-07,10,0.3595213274069395,162.78,166.84949999999998,170.919,0.025,0.05,0.4666257291191769,0.10961105674505234
RAIN,RAIN INDUSTRIES LIMITED,2025-03-07,10,0.3594405628681185,131.17,134.44924999999998,137.7285,0.025,0.05,0.46366767265115494,0.11624397337436676
ITDCEM,ITD CEMENTATION INDIA LTD,2025-03-07,5,0.3592794510589613,535.1,548.4775,561.855,0.025,0.05,0.37606692046292917,0.3455442488193512
SCI,SHIPPING CORP OF INDIA LT,2025-03-07,10,0.35902792527245186,157.69,161.63224999999997,165.5745,0.025,0.05,0.45792154774732113,0.12827613949775696
JSWSTEEL,JSW STEEL LIMITED,2025-03-07,5,0.358876972330895,1011.15,1036.4287499999998,1061.7075,0.025,0.05,0.4027237835488649,0.32300230860710144
INDIANB,INDIAN BANK,2025-03-07,10,0.3588314340448615,530.15,543.40375,556.6575,0.025,0.05,0.47248174156975703,0.09364738315343857
IRFC,INDIAN RAILWAY FIN CORP L,2025-03-07,10,0.35852607055472036,123.42,126.5055,129.591,0.025,0.05,0.45792154774732113,0.12660329043865204
HITECH,HI-TECH PIPES LIMITED,2025-03-07,7,0.3585183997176874,113.88,116.72699999999999,119.574,0.025,0.05,0.3598854502382627,0.3559795916080475
RCF,RASHTRIYA CHEMICALS & FER,2025-03-07,10,0.3583079846100678,124.95,128.07375,131.19750000000002,0.025,0.05,0.45792154774732113,0.12587633728981018
SUVEN,SUVEN LIFE SCIENCES LTD,2025-03-07,7,0.35783565586608224,126.07,129.22175,132.3735,0.025,0.05,0.4079388165443612,0.2647869288921356
SUMICHEM,SUMITOMO CHEM INDIA LTD,2025-03-07,10,0.3569379771201088,491.9,504.19749999999993,516.495,0.025,0.05,0.4644484927183495,0.10608010739088058
RICOAUTO,RICO AUTO INDUSTRIES LTD,2025-03-07,7,0.3565258210387888,66.92,68.59299999999999,70.266,0.025,0.05,0.36779893674713876,0.33559003472328186
STARHEALTH,STAR HEALTH & AL INS CO L,2025-03-07,7,0.3564034953624414,366.55,375.71375,384.87750000000005,0.025,0.05,0.18867019734480553,0.6679081916809082
AMBUJACEM,AMBUJA CEMENTS LTD,2025-03-07,10,0.35627723978002795,499.8,512.295,524.7900000000001,0.025,0.05,0.45787825287864226,0.1192082092165947
BIKAJI,BIKAJI FOODS INTERN LTD,2025-03-07,10,0.35589582595334374,670.15,686.90375,703.6575,0.025,0.05,0.45699318247332354,0.12000199407339096
CONFIPET,CONFIDENCE PETRO IND LTD.,2025-03-07,7,0.35575811812870506,53.68,55.022,56.364000000000004,0.025,0.05,0.39493008224769743,0.28301018476486206
KIMS,KRISHNA INST OF MED SCI L,2025-03-07,10,0.3556398795442452,512.5,525.3125,538.125,0.025,0.05,0.45792154774732113,0.11698265373706818
GUJGASLTD,GUJARAT GAS LIMITED,2025-03-07,10,0.35541186048554085,389.0,398.72499999999997,408.45000000000005,0.025,0.05,0.45792154774732113,0.11622259020805359
ARVIND,ARVIND LIMITED,2025-03-07,10,0.3553532296025804,348.0,356.7,365.40000000000003,0.025,0.05,0.4651404897519594,0.09918295592069626
SBICARD,SBI CARDS & PAY SER LTD,2025-03-07,5,0.3551183890990625,834.8,855.6699999999998,876.54,0.025,0.05,0.38283129791246745,0.3324441909790039
INDUSINDBK,INDUSIND BANK LIMITED,2025-03-07,10,0.35494053810238857,936.75,960.1687499999999,983.5875000000001,0.025,0.05,0.46366767265115494,0.10124389082193375
TEXINFRA,TEXMACO INFRA & HOLDG LTD,2025-03-07,10,0.35490104220904045,99.31,101.79275,104.27550000000001,0.025,0.05,0.4555124188121888,0.1201411634683609
KIRLOSENG,KIRLOSKAR OIL ENG LTD,2025-03-07,10,0.3547146698154247,652.0,668.3,684.6,0.025,0.05,0.455716009341143,0.11904487758874893
IIFL,IIFL FINANCE LIMITED,2025-03-07,10,0.35459394404369254,322.1,330.1525,338.20500000000004,0.025,0.05,0.4666257291191769,0.09318644553422928
GNFC,GUJ NAR VAL FER & CHEM L,2025-03-07,10,0.35402874811457297,502.45,515.0112499999999,527.5725,0.025,0.05,0.45792154774732113,0.1116122156381607
LAURUSLABS,LAURUS LABS LIMITED,2025-03-07,10,0.3535889673254148,570.85,585.1212499999999,599.3925,0.025,0.05,0.46755681336227706,0.08766399323940277
NMDC,NMDC LTD.,2025-03-07,10,0.3534939856267211,67.13,68.80824999999999,70.48649999999999,0.025,0.05,0.47248174156975703,0.07585588842630386
GEOJITFSL,GEOJIT FINANCIAL SER L,2025-03-07,10,0.3532305973179903,78.86,80.83149999999999,82.803,0.025,0.05,0.4666257291191769,0.08864195644855499
BEL,BHARAT ELECTRONICS LTD,2025-03-07,10,0.35311602168370865,276.99,283.91474999999997,290.83950000000004,0.025,0.05,0.4742078477866533,0.07056842744350433
MARKSANS,MARKSANS PHARMA LIMITED,2025-03-07,10,0.35284966129169787,207.17,212.34924999999996,217.5285,0.025,0.05,0.45699318247332354,0.10984811186790466
EICHERMOT,EICHER MOTORS LTD,2025-03-07,5,0.3524774449363507,5100.7,5228.2175,5355.735,0.025,0.05,0.40147117162085394,0.3123916685581207
COALINDIA,COAL INDIA LTD,2025-03-07,10,0.35208854495432296,380.65,390.16624999999993,399.6825,0.025,0.05,0.4601954696284351,0.09983905404806137
KIRIINDUS,KIRI INDUSTRIES LIMITED,2025-03-07,10,0.35206394592004675,594.8,609.6699999999998,624.54,0.025,0.05,0.4666257291191769,0.08475311845541
HSCL,HIMADRI SPECIALITY CHEM L,2025-03-07,10,0.3520174364766732,434.8,445.66999999999996,456.54,0.025,0.05,0.46755681336227706,0.082425557076931
BLISSGVS,BLISS GVS PHARMA LTD,2025-03-07,10,0.35194325569377266,124.83,127.95074999999999,131.07150000000001,0.025,0.05,0.45699318247332354,0.10682675987482071
TFCILTD,TOURISM FINANCE CORP. OF,2025-03-07,10,0.3518848414130773,149.44,153.176,156.912,0.025,0.05,0.4666257291191769,0.0841561034321785
ULTRACEMCO,ULTRATECH CEMENT LIMITED,2025-03-07,5,0.3517979843218675,10582.4,10846.96,11111.52,0.025,0.05,0.39067731252413124,0.31998762488365173
TEXINFRA,TEXMACO INFRA & HOLDG LTD,2025-03-07,7,0.3511449917433441,99.31,101.79275,104.27550000000001,0.025,0.05,0.3722134483590769,0.31201785802841187
CROMPTON,CROMPT GREA CON ELEC LTD,2025-03-07,10,0.3510128707407601,344.45,353.06125,361.6725,0.025,0.05,0.47331827463403875,0.06563359498977661
CMSINFO,CMS INFO SYSTEMS LIMITED,2025-03-07,10,0.3507134805640832,452.75,464.06874999999997,475.38750000000005,0.025,0.05,0.46755681336227706,0.07807903736829758
BALRAMCHIN,BALRAMPUR CHINI MILLS LTD,2025-03-07,10,0.35067939487116095,465.5,477.13749999999993,488.77500000000003,0.025,0.05,0.4712535019008398,0.0693398118019104
FORTIS,FORTIS HEALTHCARE LTD,2025-03-07,10,0.35064435689614915,629.5,645.2375,660.975,0.025,0.05,0.45792154774732113,0.1003309115767479
GRANULES,GRANULES INDIA LIMITED,2025-03-07,10,0.350338967283236,493.15,505.47874999999993,517.8075,0.025,0.05,0.45792154774732113,0.09931294620037079
SPIC,SPIC LTD,2025-03-07,10,0.3500281561382036,81.74,83.78349999999999,85.827,0.025,0.05,0.4741009804063497,0.06052489951252937
VPRPL,VISHNU PRAKASH R PUNGLI L,2025-03-07,7,0.3498407946283314,172.27,176.57675,180.88350000000003,0.025,0.05,0.22101562088188356,0.5890875458717346
ALOKINDS,ALOK INDUSTRIES LIMITED,2025-03-07,10,0.3498321760841204,17.36,17.793999999999997,18.228,0.025,0.05,0.4744603373675111,0.05903313308954239
APTUS,APTUS VALUE HSG FIN I LTD,2025-03-07,10,0.34975016498925654,303.3,310.8825,318.46500000000003,0.025,0.05,0.47248174156975703,0.06337648630142212
CHENNPETRO,CHENNAI PETROLEUM CORP LT,2025-03-07,10,0.3496763195118562,529.2,542.43,555.6600000000001,0.025,0.05,0.46755681336227706,0.07462183386087418
ELECTCAST,ELECTROSTEEL CASTINGS LTD,2025-03-07,10,0.3495552691228952,102.02,104.57049999999998,107.121,0.025,0.05,0.4666257291191769,0.07639086246490479
GMRP&UI,GMR POW AND URBAN INFRA L,2025-03-07,10,0.34949002079762154,105.05,107.67624999999998,110.3025,0.025,0.05,0.4555124188121888,0.10210442543029785
RGL,RENAISSANCE GLOBAL LTD,2025-03-07,10,0.3493693945120367,132.07,135.37175,138.6735,0.025,0.05,0.45699318247332354,0.0982472226023674
BOMDYEING,BOMBAY DYEING & MFG. CO L,2025-03-07,10,0.34931284352110525,140.55,144.06375,147.57750000000001,0.025,0.05,0.45792154774732113,0.095892533659935
REDINGTON,REDINGTON LIMITED,2025-03-07,10,0.348874618352231,251.11,257.38775,263.6655,0.025,0.05,0.4666257291191769,0.07412202656269073
ASHOKLEY,ASHOK LEYLAND LTD,2025-03-07,10,0.34872423492734284,209.78,215.0245,220.269,0.025,0.05,0.4639979516872998,0.07975222915410995
NAM-INDIA,NIPPON L I A M LTD,2025-03-07,10,0.3486737234118391,528.95,542.17375,555.3975,0.025,0.05,0.46529067275393704,0.07656750828027725
SUNTV,SUN TV NETWORK LIMITED,2025-03-07,10,0.3485507273571362,569.9,584.1474999999999,598.395,0.025,0.05,0.45792154774732113,0.09335214644670486
CAPACITE,CAPACITE INFRAPROJECT LTD,2025-03-07,10,0.3485426369330541,337.85,346.29625,354.74250000000006,0.025,0.05,0.46755681336227706,0.07084289193153381
FACT,FACT LTD,2025-03-07,10,0.3480703879157417,659.2,675.68,692.1600000000001,0.025,0.05,0.4555124188121888,0.09737231582403183
IRCON,IRCON INTERNATIONAL LTD,2025-03-07,10,0.348068309714066,151.94,155.7385,159.537,0.025,0.05,0.45792154774732113,0.0917440876364708
ADANIPOWER,ADANI POWER LTD,2025-03-07,10,0.34806169583367014,506.15,518.8037499999999,531.4575,0.025,0.05,0.45792154774732113,0.0917220413684845
SYNGENE,SYNGENE INTERNATIONAL LTD,2025-03-07,10,0.3480535189595656,679.65,696.6412499999999,713.6325,0.025,0.05,0.4604771332778869,0.08573175221681595
ICICIPRULI,ICICI PRU LIFE INS CO LTD,2025-03-07,5,0.34767974880260333,549.55,563.2887499999999,577.0275,0.025,0.05,0.38283129791246745,0.3189193904399872
HUDCO,HSG & URBAN DEV CORPN LTD,2025-03-07,10,0.34759032442139287,182.27,186.82675,191.38350000000003,0.025,0.05,0.45792154774732113,0.09015080332756042
KNRCON,KNR CONSTRU LTD.,2025-03-07,10,0.34738728902963883,224.03,229.63074999999998,235.2315,0.025,0.05,0.46529067275393704,0.07227939367294312
RELIGARE,RELIGARE ENTER. LTD.,2025-03-07,10,0.346507741884362,235.76,241.65399999999997,247.548,0.025,0.05,0.4555124188121888,0.09216349571943283
NTPC,NTPC LTD,2025-03-07,10,0.34646296583090214,329.55,337.78875,346.02750000000003,0.025,0.05,0.46751339318459934,0.06401196867227554
LEMONTREE,LEMON TREE HOTELS LTD,2025-03-07,10,0.3462454678179214,129.01,132.23524999999998,135.4605,0.025,0.05,0.4616081014362673,0.07706598937511444
TIMETECHNO,TIME TECHNOPLAST LTD.,2025-03-07,10,0.34616106331559576,394.55,404.41375,414.27750000000003,0.025,0.05,0.46755681336227706,0.06290431320667267
ITDCEM,ITD CEMENTATION INDIA LTD,2025-03-07,10,0.34607640704141945,535.1,548.4775,561.855,0.025,0.05,0.4624025860801608,0.0746486559510231
IDBI,IDBI BANK LIMITED,2025-03-07,7,0.345487664137572,72.79,74.60975,76.4295,0.025,0.05,0.34567113945773004,0.34514692425727844
SONACOMS,SONA BLW PRECISION FRGS L,2025-03-07,10,0.3448912934856286,517.6,530.54,543.48,0.025,0.05,0.45792154774732113,0.08115403354167938
HCLTECH,HCL TECHNOLOGIES LTD,2025-03-07,5,0.34453557047498584,1557.95,1596.8987499999998,1635.8475,0.025,0.05,0.37797608448956543,0.31717514991760254
MANAPPURAM,MANAPPURAM FINANCE LTD,2025-03-07,10,0.34425858744074483,208.39,213.59974999999997,218.80949999999999,0.025,0.05,0.4742078477866533,0.04104364663362503
MANINFRA,MAN INFRA LTD,2025-03-07,10,0.3441454900122917,154.1,157.9525,161.805,0.025,0.05,0.455716009341143,0.08381427824497223
DELHIVERY,DELHIVERY LIMITED,2025-03-07,10,0.34391672477735974,255.45,261.83624999999995,268.2225,0.025,0.05,0.4616081014362673,0.06930351257324219
BANKINDIA,BANK OF INDIA,2025-03-07,10,0.34367717324640673,97.41,99.84525,102.2805,0.025,0.05,0.4601954696284351,0.07180114835500717
APOLLOHOSP,APOLLO HOSPITALS ENTER. L,2025-03-07,5,0.34353787111334944,6216.1,6371.5025,6526.905000000001,0.025,0.05,0.3839360366727012,0.3104848265647888
AXISBANK,AXIS BANK LIMITED,2025-03-07,5,0.3432919400797857,1037.65,1063.59125,1089.5325000000003,0.025,0.05,0.37606692046292917,0.316476047039032
HAPPSTMNDS,HAPPIEST MINDS TECHNO LTD,2025-03-07,10,0.3432840356128087,695.45,712.83625,730.2225000000001,0.025,0.05,0.45792154774732113,0.07579650729894638
BHARTIARTL,BHARTI AIRTEL LIMITED,2025-03-07,5,0.343209807218406,1630.7,1671.4675,1712.2350000000001,0.025,0.05,0.3887440885466413,0.3059544861316681
DEVYANI,DEVYANI INTERNATIONAL LTD,2025-03-07,10,0.34317488088177345,168.88,173.10199999999998,177.324,0.025,0.05,0.45792154774732113,0.0754326581954956
HBLENGINE,HBL ENGINEERING LTD,2025-03-07,10,0.34309561266468663,456.25,467.65624999999994,479.0625,0.025,0.05,0.45792154774732113,0.0751684308052063
MIDHANI,MISHRA DHATU NIGAM LTD,2025-03-07,7,0.34292388502792936,274.01,280.86024999999995,287.7105,0.025,0.05,0.2556215470270686,0.5050567984580994
GRASIM,GRASIM INDUSTRIES LTD,2025-03-07,5,0.3428902011803995,2407.25,2467.4312499999996,2527.6125,0.025,0.05,0.38283129791246745,0.3102111220359802
PCBL,PCBL CHEMICAL LIMITED,2025-03-07,10,0.342854010452496,391.1,400.8775,410.65500000000003,0.025,0.05,0.45792154774732113,0.0743630900979042
FINPIPE,FINOLEX INDUSTRIES LTD,2025-03-07,10,0.3427049120960905,182.1,186.65249999999997,191.205,0.025,0.05,0.4644484927183495,0.058636557310819626
HDFCLIFE,HDFC LIFE INS CO LTD,2025-03-07,10,0.34260785929600196,625.2,640.83,656.46,0.025,0.05,0.4522131358901631,0.08686221390962601
APOLLO,APOLLO MICRO SYSTEMS LTD,2025-03-07,10,0.34225611700581215,121.37,124.40424999999999,127.4385,0.025,0.05,0.45792154774732113,0.07237011194229126
DCBBANK,DCB BANK LIMITED,2025-03-07,10,0.34223954721238536,108.93,111.65325,114.37650000000001,0.025,0.05,0.4601954696284351,0.06700906157493591
MINDACORP,MINDA CORPORATION LTD,2025-03-07,10,0.34219879149364135,519.95,532.94875,545.9475000000001,0.025,0.05,0.45792154774732113,0.07217902690172195
KAMDHENU,KAMDHENU LIMITED,2025-03-07,10,0.3420778745156876,35.21,36.09025,36.9705,0.025,0.05,0.47297227400290853,0.036657609045505524
ONEPOINT,ONE POINT ONE SOL LTD,2025-03-07,7,0.34190343553652486,51.06,52.3365,53.61300000000001,0.025,0.05,0.40099113506888917,0.23216913640499115
SCHNEIDER,SCHNEIDER ELECTRIC INFRA,2025-03-07,10,0.3414261968331208,632.7,648.5175,664.335,0.025,0.05,0.45792154774732113,0.06960371136665344
WHIRLPOOL,WHIRLPOOL OF INDIA LTD,2025-03-07,10,0.3411083684759011,996.7,1021.6175,1046.535,0.025,0.05,0.45792154774732113,0.06854428350925446
UPL,UPL LIMITED,2025-03-07,10,0.34090138085160643,629.85,645.5962499999999,661.3425000000001,0.025,0.05,0.46751339318459934,0.04547335207462311
AUBANK,AU SMALL FINANCE BANK LTD,2025-03-07,10,0.34088111339952865,544.3,557.9074999999999,571.515,0.025,0.05,0.4601954696284351,0.062480948865413666
PNBHOUSING,PNB HOUSING FIN LTD.,2025-03-07,10,0.340853993415661,818.2,838.655,859.1100000000001,0.025,0.05,0.4644484927183495,0.052466828376054764
PEL,PIRAMAL ENTERPRISES LTD,2025-03-07,10,0.3401796076387169,918.55,941.5137499999998,964.4775,0.025,0.05,0.46366767265115494,0.052040789276361465
PCJEWELLER,PC JEWELLER LTD,2025-03-07,10,0.34013355908218545,12.63,12.94575,13.261500000000002,0.025,0.05,0.47297227400290853,0.0301765576004982
SAREGAMA,SAREGAMA INDIA LIMITED,2025-03-07,10,0.33993292722211205,490.9,503.17249999999996,515.445,0.025,0.05,0.45699318247332354,0.066792331635952
NIACL,THE NEW INDIA ASSU CO LTD,2025-03-07,10,0.33991319849060675,151.98,155.77949999999998,159.579,0.025,0.05,0.45792154774732113,0.06456038355827332
BANDHANBNK,BANDHAN BANK LIMITED,2025-03-07,10,0.3396311550608531,149.93,153.67825,157.4265,0.025,0.05,0.46755681336227706,0.041137952357530594
TEXRAIL,TEXMACO RAIL & ENG. LTD.,2025-03-07,10,0.33958133100436827,143.86,147.4565,151.05300000000003,0.025,0.05,0.45792154774732113,0.06345415860414505
DABUR,DABUR INDIA LTD,2025-03-07,10,0.339479290721517,495.8,508.195,520.59,0.025,0.05,0.4514559646131045,0.07820038497447968
CHAMBLFERT,CHAMBAL FERTILIZERS LTD,2025-03-07,10,0.3391705370715514,571.2,585.48,599.7600000000001,0.025,0.05,0.46755681336227706,0.03960255905985832
DLF,DLF LIMITED,2025-03-07,10,0.33916664970783755,667.05,683.7262499999999,700.4025,0.025,0.05,0.4604771332778869,0.056108854711055756
RALLIS,RALLIS INDIA LTD,2025-03-07,10,0.3391502016680112,222.06,227.61149999999998,233.163,0.025,0.05,0.45792154774732113,0.062017060816287994
JSWENERGY,JSW ENERGY LIMITED,2025-03-07,10,0.33901047066065226,491.7,503.99249999999995,516.285,0.025,0.05,0.46755681336227706,0.039069004356861115
MAHSEAMLES,MAHARASHTRA SEAMLESS LTD,2025-03-07,10,0.3388748939356462,653.5,669.8375,686.1750000000001,0.025,0.05,0.46755681336227706,0.0386170819401741
ASIANPAINT,ASIAN PAINTS LIMITED,2025-03-07,5,0.3384627419587169,2270.0,2326.75,2383.5,0.025,0.05,0.38098546926096494,0.3036714196205139
CUPID,CUPID LIMITED,2025-03-07,7,0.3383317367980991,65.72,67.363,69.006,0.025,0.05,0.3813001905878559,0.25853317975997925
HINDUNILVR,HINDUSTAN UNILEVER LTD.,2025-03-07,5,0.3382866587211334,2204.55,2259.66375,2314.7775,0.025,0.05,0.371993924946618,0.3107079863548279
JYOTHYLAB,JYOTHY LABS LIMITED,2025-03-07,10,0.3381397509472241,329.8,338.04499999999996,346.29,0.025,0.05,0.45792154774732113,0.05864889174699783
MARICO,MARICO LIMITED,2025-03-07,5,0.3377216609880846,609.65,624.8912499999999,640.1325,0.025,0.05,0.38007823351699355,0.30306628346443176
REDTAPE,REDTAPE LIMITED,2025-03-07,10,0.3377190006087812,144.73,148.34824999999998,151.9665,0.025,0.05,0.45699318247332354,0.059412576258182526
UNITECH,UNITECH LIMITED,2025-03-07,10,0.33727684477350667,7.14,7.318499999999999,7.497,0.025,0.05,0.4753931209978115,0.015005533583462238
GSFC,GUJ STATE FERT & CHEM LTD,2025-03-07,10,0.3368746501849761,178.53,182.99325,187.4565,0.025,0.05,0.45792154774732113,0.054431889206171036
VPRPL,VISHNU PRAKASH R PUNGLI L,2025-03-07,10,0.3368623220817914,172.27,176.57675,180.88350000000003,0.025,0.05,0.45792154774732113,0.0543907955288887
EIHOTEL,EIH LIMITED,2025-03-07,10,0.33626039561095394,339.75,348.24375,356.7375,0.025,0.05,0.46755681336227706,0.029902087524533272
CONCOR,CONTAINER CORP OF IND LTD,2025-03-07,10,0.33617376890761397,656.65,673.06625,689.4825,0.025,0.05,0.4644484927183495,0.03686608001589775
EMAMILTD,EMAMI LIMITED,2025-03-07,10,0.33541617591145195,551.75,565.5437499999999,579.3375,0.025,0.05,0.46755681336227706,0.027088021859526634
BERGEPAINT,BERGER PAINTS (I) LTD,2025-03-07,10,0.3351876414192119,509.35,522.08375,534.8175,0.025,0.05,0.46751339318459934,0.026427553966641426
SBICARD,SBI CARDS & PAY SER LTD,2025-03-07,10,0.3348364435460957,834.8,855.6699999999998,876.54,0.025,0.05,0.4639923839096217,0.03347258269786835
SHRIRAMFIN,SHRIRAM FINANCE LIMITED,2025-03-07,10,0.3347206660357514,630.85,646.6212499999999,662.3925,0.025,0.05,0.46751339318459934,0.024870969355106354
TVSSCS,TVS SUPPLY CHAIN SOL L,2025-03-07,10,0.3346836942455426,144.02,147.6205,151.221,0.025,0.05,0.46755681336227706,0.024646416306495667
WALCHANNAG,WALCHANDNAGAR INDUSTRIES,2025-03-07,10,0.3345315260003599,168.61,172.82525,177.0405,0.025,0.05,0.45699318247332354,0.04878766089677811
UNOMINDA,UNO MINDA LIMITED,2025-03-07,10,0.334461065743283,870.65,892.4162499999999,914.1825,0.025,0.05,0.4712535019008398,0.015278714708983898
SUNPHARMA,SUN PHARMACEUTICAL IND L,2025-03-07,5,0.33432581450199295,1609.3,1649.5324999999998,1689.765,0.025,0.05,0.38007823351699355,0.2968920171260834
DEEPAKFERT,DEEPAK FERTILIZERS & PETR,2025-03-07,10,0.33419657663178803,1116.15,1144.05375,1171.9575000000002,0.025,0.05,0.455716009341143,0.05065123364329338
SOBHA,SOBHA LIMITED,2025-03-07,10,0.3341036431084283,1241.85,1272.8962499999998,1303.9424999999999,0.025,0.05,0.4742078477866533,0.007193832192569971
JSL,JINDAL STAINLESS LIMITED,2025-03-07,10,0.334069672107421,654.6,670.9649999999999,687.33,0.025,0.05,0.4749451411644584,0.005360244307667017
TORNTPOWER,TORRENT POWER LTD,2025-03-07,10,0.33384695502156775,1332.0,1365.3,1398.6000000000001,0.025,0.05,0.4749451411644584,0.00461785402148962
TARIL,TRANS & RECTI. LTD,2025-03-07,10,0.333687047583764,421.1,431.6275,442.15500000000003,0.025,0.05,0.4651404897519594,0.02696234919130802
TATACONSUM,TATA CONSUMER PRODUCT LTD,2025-03-07,5,0.3333067100216591,962.05,986.1012499999998,1010.1525,0.025,0.05,0.371993924946618,0.30165353417396545
SDBL,SOM DIST & BREW LTD,2025-03-07,10,0.333290243635203,124.23,127.33574999999999,130.44150000000002,0.025,0.05,0.46755681336227706,0.02000158093869686
KPIL,KALPATARU PROJECT INT LTD,2025-03-07,10,0.33314449289518255,931.2,954.48,977.7600000000001,0.025,0.05,0.4666257291191769,0.021688275039196014
APLAPOLLO,APL APOLLO TUBES LTD,2025-03-07,10,0.33304714668196517,1458.25,1494.70625,1531.1625000000001,0.025,0.05,0.4742078477866533,0.0036721774376928806
VGUARD,V-GUARD IND LTD.,2025-03-07,10,0.33297318941818377,330.85,339.12125,347.39250000000004,0.025,0.05,0.45792154774732113,0.041427019983530045
GABRIEL,GABRIEL INDIA LTD,2025-03-07,10,0.3328098683215942,517.7,530.6425,543.585,0.025,0.05,0.4666257291191769,0.020572859793901443
CESC,CESC LTD,2025-03-07,10,0.33259761198328636,140.94,144.46349999999998,147.987,0.025,0.05,0.45792154774732113,0.040175095200538635
TITAN,TITAN COMPANY LIMITED,2025-03-07,5,0.3322180833389008,3079.35,3156.33375,3233.3175,0.025,0.05,0.371993924946618,0.29967421293258667
VOLTAS,VOLTAS LTD,2025-03-07,10,0.3321348598708026,1405.45,1440.5862499999998,1475.7225,0.025,0.05,0.47331827463403875,0.002706892089918256
VIJAYA,VIJAYA DIAGNOSTIC CEN LTD,2025-03-07,10,0.33201901594174227,1053.65,1079.99125,1106.3325000000002,0.025,0.05,0.47277938937764535,0.0035781445913016796
FIVESTAR,FIVE-STAR BUS FIN LTD,2025-03-07,10,0.3319436838375201,688.45,705.66125,722.8725000000001,0.025,0.05,0.45792154774732113,0.03799533471465111
PTC,PTC INDIA LIMITED,2025-03-07,10,0.3318764743851294,153.32,157.153,160.986,0.025,0.05,0.45792154774732113,0.037771303206682205
ABB,ABB INDIA LIMITED,2025-03-07,10,0.33187068709124473,5326.55,5459.71375,5592.8775000000005,0.025,0.05,0.4741009804063497,2.689333200578403e-09
SAPPHIRE,SAPPHIRE FOODS INDIA LTD,2025-03-07,10,0.3316476557537517,337.75,346.19374999999997,354.6375,0.025,0.05,0.46534470577106607,0.019687872380018234
JAIBALAJI,JAI BALAJI INDUSTRIES LTD,2025-03-07,10,0.3316006854705777,152.04,155.84099999999998,159.642,0.025,0.05,0.4666257291191769,0.01654225029051304
LODHA,MACROTECH DEVELOPERS LTD,2025-03-07,10,0.33105079769061707,1113.0,1140.8249999999998,1168.65,0.025,0.05,0.45792154774732113,0.03501904755830765
VBL,VARUN BEVERAGES LIMITED,2025-03-07,10,0.331023698446181,487.75,499.94374999999997,512.1375,0.025,0.05,0.4666257291191769,0.014618960209190845
JINDALSAW,JINDAL SAW LIMITED,2025-03-07,10,0.3309902007289495,267.25,273.93125,280.6125,0.025,0.05,0.4666257291191769,0.014507301151752472
NATCOPHARM,NATCO PHARMA LTD.,2025-03-07,10,0.3309689746694436,825.0,845.6249999999999,866.25,0.025,0.05,0.45792154774732113,0.03474630415439606
KEC,KEC INTL. LIMITED,2025-03-07,10,0.33094607083963057,723.0,741.0749999999999,759.15,0.025,0.05,0.45792154774732113,0.03466995805501938
JIOFIN,JIO FIN SERVICES LTD,2025-03-07,7,0.3306229586168413,221.81,227.35524999999998,232.90050000000002,0.025,0.05,0.3416785062527481,0.3100912272930145
AARTIIND,AARTI INDUSTRIES LTD,2025-03-07,10,0.3305590782629936,406.3,416.4575,426.615,0.025,0.05,0.46455510630387475,0.017901679500937462
RAMCOCEM,THE RAMCO CEMENTS LIMITED,2025-03-07,10,0.33048363932510144,871.65,893.4412499999999,915.2325,0.025,0.05,0.45787825287864226,0.03322954103350639
USHAMART,USHA MARTIN LTD.,2025-03-07,10,0.33045171464073214,332.9,341.22249999999997,349.545,0.025,0.05,0.46755681336227706,0.010539817623794079
SENCO,SENCO GOLD LIMITED,2025-03-07,10,0.33037547665939654,300.1,307.6025,315.105,0.025,0.05,0.45699318247332354,0.034934163093566895
ADANIPORTS,ADANI PORT & SEZ LTD,2025-03-07,10,0.33019633215343114,1144.5,1173.1125,1201.7250000000001,0.025,0.05,0.4701195370399726,0.0037088540848344564
IDFCFIRSTB,IDFC FIRST BANK LIMITED,2025-03-07,7,0.3301825828047649,57.34,58.7735,60.20700000000001,0.025,0.05,0.32242302125723793,0.34459319710731506
JINDRILL,JINDAL DRILLING IND. LTD,2025-03-07,10,0.33017441352621235,897.65,920.09125,942.5325,0.025,0.05,0.4651404897519594,0.01525356899946928
TAJGVK,TAJ GVK HOTELS & RESORTS,2025-03-07,10,0.33017216047063985,484.45,496.56125,508.6725,0.025,0.05,0.4651404897519594,0.015246058814227581
JUSTDIAL,JUSTDIAL LTD.,2025-03-07,10,0.3299844508181604,888.75,910.9687499999999,933.1875,0.025,0.05,0.45699318247332354,0.033630743622779846
INDUSTOWER,INDUS TOWERS LIMITED,2025-03-07,10,0.32997985085233517,327.4,335.5849999999999,343.77,0.025,0.05,0.4628332072834808,0.019988685846328735
ADANIENSOL,ADANI ENERGY SOLUTION LTD,2025-03-07,10,0.3299763333259777,747.6,766.29,784.98,0.025,0.05,0.46755681336227706,0.008955213241279125
KOTAKBANK,KOTAK MAHINDRA BANK LTD,2025-03-07,5,0.3297888140846932,1935.4,1983.7849999999999,2032.17,0.025,0.05,0.371993924946618,0.2952573597431183
MFSL,MAX FINANCIAL SERV LTD,2025-03-07,10,0.32971021186534555,1036.6,1062.5149999999999,1088.43,0.025,0.05,0.46751339318459934,0.008169455453753471
GODREJIND,GODREJ INDUSTRIES LTD,2025-03-07,10,0.3296303455883316,1109.8,1137.5449999999998,1165.29,0.025,0.05,0.4651404897519594,0.013440009206533432
MEDANTA,GLOBAL HEALTH LIMITED,2025-03-07,10,0.32962256225037134,1226.2,1256.855,1287.51,0.025,0.05,0.46755681336227706,0.007775976322591305
AVANTIFEED,AVANTI FEEDS LIMITED,2025-03-07,10,0.32953445804941317,798.7,818.6675,838.6350000000001,0.025,0.05,0.4666257291191769,0.009654825553297997
IRCTC,INDIAN RAIL TOUR CORP LTD,2025-03-07,10,0.32949738995273836,700.65,718.1662499999999,735.6825,0.025,0.05,0.45787825287864226,0.029942043125629425
HIMATSEIDE,HIMATSINGKA SEIDE LTD,2025-03-07,10,0.32947014339060104,136.9,140.3225,143.745,0.025,0.05,0.4651404897519594,0.012906001880764961
INDHOTEL,THE INDIAN HOTELS CO. LTD,2025-03-07,10,0.3294599481832819,744.3,762.9074999999999,781.515,0.025,0.05,0.4604771332778869,0.023753182962536812
RITES,RITES LIMITED,2025-03-07,10,0.3293678308632677,219.3,224.7825,230.26500000000001,0.025,0.05,0.4613574172211127,0.021392129361629486
CGPOWER,CG POWER AND IND SOL LTD,2025-03-07,10,0.32930270840625026,630.05,645.8012499999999,661.5525,0.025,0.05,0.46755681336227706,0.006709796842187643
ITC,ITC LTD,2025-03-07,5,0.3292138948346475,403.9,413.99749999999995,424.09499999999997,0.025,0.05,0.3771224748879228,0.29001596570014954
WELCORP,WELSPUN CORP LIMITED,2025-03-07,10,0.32919532876166363,795.25,815.1312499999999,835.0125,0.025,0.05,0.4666257291191769,0.0085243945941329
CHOLAFIN,CHOLAMANDALAM IN & FIN CO,2025-03-07,10,0.32919301704356224,1457.35,1493.7837499999998,1530.2175,0.025,0.05,0.4694336559203289,0.001964859664440155
AEROFLEX,AEROFLEX INDUSTRIES LTD,2025-03-07,10,0.3291032829947508,176.42,180.83049999999997,185.24099999999999,0.025,0.05,0.455716009341143,0.03367358818650246
INDIGO,INTERGLOBE AVIATION LTD,2025-03-07,10,0.32908212975680046,4657.55,4773.9887499999995,4890.427500000001,0.025,0.05,0.4701173135903213,3.4145251959216694e-08
BDL,BHARAT DYNAMICS LIMITED,2025-03-07,10,0.32899712077977916,1135.2,1163.58,1191.96,0.025,0.05,0.4666257291191769,0.007863701321184635
PGEL,PG ELECTROPLAST LTD,2025-03-07,10,0.3289859547487155,877.05,898.9762499999998,920.9025,0.025,0.05,0.46755681336227706,0.005653951317071915
HDFCAMC,HDFC AMC LIMITED,2025-03-07,10,0.32888611627840664,3834.2,3930.0549999999994,4025.91,0.025,0.05,0.4698371115883588,4.6055518510002e-07
AARTIPHARM,AARTI PHARMALABS LIMITED,2025-03-07,10,0.328767650315787,739.0,757.4749999999999,775.95,0.025,0.05,0.46755681336227706,0.0049262698739767075
HEXT,HEXAWARE TECHNOLOGIES LTD,2025-03-07,10,0.32870441968457603,781.75,801.2937499999999,820.8375000000001,0.025,0.05,0.45792154774732113,0.027197787538170815
DBCORP,D.B.CORP LTD,2025-03-07,10,0.32869361310477113,230.09,235.84224999999998,241.5945,0.025,0.05,0.46755681336227706,0.004679479170590639
SUVENPHAR,SUVEN PHARMACEUTICALS LTD,2025-03-07,10,0.3285266683034863,1166.0,1195.1499999999999,1224.3,0.025,0.05,0.4666257291191769,0.006295526400208473
JAGSNPHARM,JAGSONPAL PHARMACEUTICALS,2025-03-07,10,0.3285203368859162,220.22,225.72549999999998,231.231,0.025,0.05,0.45792154774732113,0.02658417820930481
BAJFINANCE,BAJAJ FINANCE LIMITED,2025-03-07,5,0.328497839791907,8404.5,8614.6125,8824.725,0.025,0.05,0.36347942732734395,0.29987654089927673
TRITURBINE,TRIVENI TURBINE LIMITED,2025-03-07,10,0.32846453657165686,613.5,628.8375,644.1750000000001,0.025,0.05,0.4651404897519594,0.009553979150950909
NAVA,NAVA LIMITED,2025-03-07,10,0.3283643757200495,439.45,450.43625,461.4225,0.025,0.05,0.46755681336227706,0.0035820212215185165
WIPRO,WIPRO LTD,2025-03-07,10,0.3282801045953227,284.8,291.91999999999996,299.04,0.025,0.05,0.45787825287864226,0.02588442526757717
HINDALCO,HINDALCO  INDUSTRIES  LTD,2025-03-07,10,0.32806562819026647,691.35,708.63375,725.9175,0.025,0.05,0.46751339318459934,0.0026875098701566458
COCHINSHIP,COCHIN SHIPYARD LIMITED,2025-03-07,10,0.3279877795346708,1335.85,1369.2462499999997,1402.6425,0.025,0.05,0.46755681336227706,0.0023267006035894156
360ONE,360 ONE WAM LIMITED,2025-03-07,10,0.3279078896613588,972.9,997.2224999999999,1021.5450000000001,0.025,0.05,0.45792154774732113,0.024542687460780144
JINDALSTEL,JINDAL STEEL & POWER LTD,2025-03-07,10,0.32784030482147125,908.95,931.6737499999999,954.3975,0.025,0.05,0.46751339318459934,0.0019364319741725922
ICICIGI,ICICI LOMBARD GIC LIMITED,2025-03-07,10,0.3277359836895229,1686.95,1729.12375,1771.2975000000001,0.025,0.05,0.46751339318459934,0.0015886948676779866
CASTROLIND,CASTROL INDIA LIMITED,2025-03-07,10,0.3276940594518252,240.67,246.68674999999996,252.7035,0.025,0.05,0.46755681336227706,0.0013476336607709527
CHALET,CHALET HOTELS LIMITED,2025-03-07,10,0.32769113032591274,790.3,810.0574999999999,829.8149999999999,0.025,0.05,0.46755681336227706,0.0013378699077293277
COROMANDEL,COROMANDEL INTERNTL. LTD,2025-03-07,10,0.32767871994037856,1756.3,1800.2074999999998,1844.115,0.025,0.05,0.46755681336227706,0.00129650195594877
KSB,KSB LIMITED,2025-03-07,10,0.32763275162760847,685.9,703.0474999999999,720.195,0.025,0.05,0.46755681336227706,0.0011432742467150092
BAJAJFINSV,BAJAJ FINSERV LTD.,2025-03-07,10,0.3275332387755369,1845.3,1891.4325,1937.565,0.025,0.05,0.46751339318459934,0.0009128784877248108
GRMOVER,GRM OVERSEAS LIMITED,2025-03-07,10,0.32752814010508874,249.34,255.57349999999997,261.807,0.025,0.05,0.4651404897519594,0.006432657595723867
INFY,INFOSYS LIMITED,2025-03-07,5,0.3274542700220787,1686.0,1728.1499999999999,1770.3000000000002,0.025,0.05,0.371993924946618,0.2910127341747284
CIPLA,CIPLA LTD,2025-03-07,5,0.32741404853595607,1458.45,1494.9112499999999,1531.3725000000002,0.025,0.05,0.36347942732734395,0.2979060113430023
BLUESTARCO,BLUE STAR LIMITED,2025-03-07,10,0.3273394697305791,2100.75,2153.2687499999997,2205.7875,0.025,0.05,0.46755681336227706,0.00016566792328376323
BAJAJHCARE,BAJAJ HEALTHCARE LIMITED,2025-03-07,10,0.3272997452577255,676.0,692.9,709.8000000000001,0.025,0.05,0.4651404897519594,0.005671341437846422
MAZDOCK,MAZAGON DOCK SHIPBUIL LTD,2025-03-07,10,0.32729748104720935,2338.2,2396.6549999999997,2455.11,0.025,0.05,0.46755681336227706,2.5705645384732634e-05
GLAXO,GLAXOSMITHKLINE PHARMA LT,2025-03-07,10,0.3272903352513951,2751.6,2820.39,2889.18,0.025,0.05,0.46755681336227706,1.886326003841532e-06
KAYNES,KAYNES TECHNOLOGY IND LTD,2025-03-07,10,0.3272897879064524,4457.05,4568.47625,4679.9025,0.025,0.05,0.46755681336227706,6.18428614984623e-08
AMBER,AMBER ENTERPRISES (I) LTD,2025-03-07,10,0.32728976937238424,6339.15,6497.628749999999,6656.1075,0.025,0.05,0.46755681336227706,6.263432134057112e-11
SRF,SRF LTD,2025-03-07,10,0.32726217911934863,2935.35,3008.73375,3082.1175,0.025,0.05,0.46751339318459934,9.34630043047946e-06
EICHERMOT,EICHER MOTORS LTD,2025-03-07,10,0.3272593769364333,5100.7,5228.2175,5355.735,0.025,0.05,0.46751339318459934,5.6907127898853105e-09
DRREDDY,DR. REDDY S LABORATORIES,2025-03-07,5,0.32721276583798864,1133.25,1161.58125,1189.9125000000001,0.025,0.05,0.37421655660488284,0.2887551188468933
GLENMARK,GLENMARK PHARMACEUTICALS,2025-03-07,10,0.3271896025015651,1404.4,1439.51,1474.6200000000001,0.025,0.05,0.46455510630387475,0.006670093629509211
TORNTPHARM,TORRENT PHARMACEUTICALS L,2025-03-07,10,0.32714971713276414,3073.8,3150.645,3227.4900000000002,0.025,0.05,0.46735305397604926,8.597831765655428e-06
EPL,EPL LIMITED,2025-03-07,10,0.3271366573061141,207.07,212.24674999999996,217.4235,0.025,0.05,0.45699318247332354,0.02413809858262539
STAR,STRIDES PHARMA SCI LTD,2025-03-07,10,0.3271308570625057,621.8,637.3449999999999,652.89,0.025,0.05,0.45792154774732113,0.02195257879793644
PETRONET,PETRONET LNG LIMITED,2025-03-07,10,0.3271235335218717,285.9,293.04749999999996,300.195,0.025,0.05,0.46529067275393704,0.00473354198038578
SURYAROSNI,SURYA ROSHNI LTD,2025-03-07,7,0.3269721935952278,244.28,250.38699999999997,256.494,0.025,0.05,0.25469101327574734,0.46120867133140564
LLOYDSME,LLOYDS METALS N ENERGY L,2025-03-07,10,0.32696494573201745,1151.7,1180.4924999999998,1209.285,0.025,0.05,0.46534470577106607,0.004078838974237442
GODREJCP,GODREJ CONSUMER PRODUCTS,2025-03-07,10,0.32695631151189336,1045.3,1071.4325,1097.565,0.025,0.05,0.45787825287864226,0.02147178165614605
WALCHANNAG,WALCHANDNAGAR INDUSTRIES,2025-03-07,7,0.3267921133917497,168.61,172.82525,177.0405,0.025,0.05,0.4175630485525385,0.15821751952171326
KAMATHOTEL,KAMAT HOTELS (I) LTD,2025-03-07,10,0.3267207803835771,311.25,319.03125,326.8125,0.025,0.05,0.4651404897519594,0.003741458524018526
CAMLINFINE,CAMLIN FINE SCIENCES LTD,2025-03-07,10,0.3265690059100888,169.69,173.93224999999998,178.1745,0.025,0.05,0.4651404897519594,0.0032355436123907566
CREDITACC,CREDITACCESS GRAMEEN LTD,2025-03-07,10,0.326397656277787,964.75,988.8687499999999,1012.9875000000001,0.025,0.05,0.4555124188121888,0.025129877030849457
ZYDUSLIFE,ZYDUS LIFESCIENCES LTD,2025-03-07,10,0.32638249585520196,900.8,923.3199999999998,945.84,0.025,0.05,0.4543678893857197,0.027749910950660706
FCL,FINEOTEX CHEMICAL LIMITED,2025-03-07,10,0.3261630383776297,238.34,244.2985,250.257,0.025,0.05,0.45792154774732113,0.018726516515016556
MAXHEALTH,MAX HEALTHCARE INS LTD,2025-03-07,10,0.3261529264496436,980.75,1005.26875,1029.7875000000001,0.025,0.05,0.45792154774732113,0.018692810088396072
HINDOILEXP,HINDUSTAN OIL EXPLORATION,2025-03-07,10,0.3261259288983216,178.44,182.90099999999998,187.362,0.025,0.05,0.45792154774732113,0.018602818250656128
SULA,SULA VINEYARDS LIMITED,2025-03-07,10,0.326124959950315,269.55,276.28875,283.02750000000003,0.025,0.05,0.45792154774732113,0.01859958842396736
DABUR,DABUR INDIA LTD,2025-03-07,5,0.32610520233409046,495.8,508.195,520.59,0.025,0.05,0.371993924946618,0.2885598838329315
DATAPATTNS,DATA PATTERNS INDIA LTD,2025-03-07,10,0.3259751119583524,1628.25,1668.95625,1709.6625000000001,0.025,0.05,0.4651404897519594,0.001255897106602788
PHOENIXLTD,THE PHOENIX MILLS LTD,2025-03-07,10,0.32593352522963276,1560.15,1599.15375,1638.1575000000003,0.025,0.05,0.4644484927183495,0.0027319344226270914
GRSE,GARDEN REACH SHIP&ENG LTD,2025-03-07,10,0.3259171504343539,1385.15,1419.77875,1454.4075000000003,0.025,0.05,0.4651404897519594,0.0010626920266076922
ABFRL,ADITYA BIRLA FASHION & RT,2025-03-07,10,0.3259107776892023,242.31,248.36774999999997,254.4255,0.025,0.05,0.4604771332778869,0.011922614648938179
LXCHEM,LAXMI ORGANIC INDUS LTD,2025-03-07,10,0.32580454270260234,187.13,191.80825,196.4865,0.025,0.05,0.45792154774732113,0.017531530931591988
ACI,ARCHEAN CHEMICAL IND LTD,2025-03-07,10,0.32572004019365697,531.7,544.9925,558.2850000000001,0.025,0.05,0.4651404897519594,0.0004056578909512609
PIIND,PI INDUSTRIES LTD,2025-03-07,10,0.3257050392385918,3219.1,3299.5774999999994,3380.055,0.025,0.05,0.46529067275393704,5.22770278621465e-06
SIEMENS,SIEMENS LTD,2025-03-07,10,0.3257034718487779,5106.1,5233.7525,5361.405000000001,0.025,0.05,0.46529067275393704,3.0700733066879593e-09
BSOFT,BIRLASOFT LIMITED,2025-03-07,10,0.3256380095461993,434.45,445.31125,456.1725,0.025,0.05,0.46455510630387475,0.0014981171116232872
ONGC,OIL AND NATURAL GAS CORP.,2025-03-07,10,0.3255634157835437,232.89,238.71224999999995,244.5345,0.025,0.05,0.45787825287864226,0.01682879589498043
HOMEFIRST,HOME FIRST FIN CO IND LTD,2025-03-07,10,0.3255056457603686,999.55,1024.53875,1049.5275,0.025,0.05,0.4555124188121888,0.02215650863945484
TECHNOE,TECHNO ELEC & ENG CO. LTD,2025-03-07,10,0.3254838566418084,956.55,980.4637499999999,1004.3774999999999,0.025,0.05,0.45699318247332354,0.018628763034939766
ICIL,INDO COUNT INDUSTRIES LTD,2025-03-07,10,0.32546770363019606,281.25,288.28125,295.3125,0.025,0.05,0.45792154774732113,0.016408734023571014
SYRMA,SYRMA SGS TECHNOLOGY LTD,2025-03-07,10,0.32546753148839797,449.55,460.78875,472.02750000000003,0.025,0.05,0.45699318247332354,0.018574345856904984
TECHM,TECH MAHINDRA LIMITED,2025-03-07,10,0.32539797750062716,1492.35,1529.6587499999998,1566.9675,0.025,0.05,0.4628332072834808,0.0047157746739685535
MGL,MAHANAGAR GAS LTD.,2025-03-07,10,0.3253391001527647,1284.0,1316.1,1348.2,0.025,0.05,0.4616081014362673,0.007378097157925367
OBEROIRLTY,OBEROI REALTY LIMITED,2025-03-07,10,0.3252786001437957,1543.15,1581.72875,1620.3075000000001,0.025,0.05,0.4644484927183495,0.0005488508031703532
ORIENTCEM,ORIENT CEMENT LTD.,2025-03-07,5,0.32524658285630736,336.45,344.86125,353.2725,0.025,0.05,0.3771224748879228,0.28280267119407654
TVSMOTOR,TVS MOTOR COMPANY  LTD,2025-03-07,10,0.3252286363868536,2332.9,2391.2225,2449.545,0.025,0.05,0.46455510630387475,0.00013353991380427033
CAMS,COMPUTER AGE MNGT SER LTD,2025-03-07,10,0.325189744194475,3365.7,3449.8424999999993,3533.985,0.025,0.05,0.46455510630387475,3.899272542184917e-06
M&M,MAHINDRA & MAHINDRA LTD,2025-03-07,10,0.32512421204665176,2727.85,2796.04625,2864.2425,0.025,0.05,0.4644484927183495,3.422381269047037e-05
MOTILALOFS,MOTILAL OSWAL FIN LTD,2025-03-07,10,0.32510293465943835,605.45,620.58625,635.7225000000001,0.025,0.05,0.45792154774732113,0.015192837454378605
ITC,ITC LTD,2025-03-07,10,0.3249036599631748,403.9,413.99749999999995,424.09499999999997,0.025,0.05,0.4532667269040632,0.025389837101101875
HAVELLS,HAVELLS INDIA LIMITED,2025-03-07,10,0.3248795507824368,1460.55,1497.0637499999998,1533.5775,0.025,0.05,0.4628332072834808,0.002987685613334179
RAILTEL,RAILTEL CORP OF IND LTD,2025-03-07,10,0.3248502395571937,298.7,306.16749999999996,313.635,0.025,0.05,0.45792154774732113,0.014350520446896553
BANKBARODA,BANK OF BARODA,2025-03-07,10,0.3247467932208372,205.9,211.04749999999999,216.19500000000002,0.025,0.05,0.45787825287864226,0.014106720685958862
JSWSTEEL,JSW STEEL LIMITED,2025-03-07,10,0.32474115763916306,1011.15,1036.4287499999998,1061.7075,0.025,0.05,0.46308263137650074,0.0019443855853751302
CENTURYPLY,CENTURY PLYBOARDS (I) LTD,2025-03-07,10,0.32465404766903244,738.45,756.91125,775.3725000000001,0.025,0.05,0.45699318247332354,0.015862733125686646
CUMMINSIND,CUMMINS INDIA LTD,2025-03-07,10,0.32457299427191777,2899.05,2971.52625,3044.0025000000005,0.025,0.05,0.46366767265115494,1.874472036433872e-05
VAIBHAVGBL,VAIBHAV GLOBAL LIMITED,2025-03-07,10,0.324453074530678,235.57,241.45924999999997,247.3485,0.025,0.05,0.45792154774732113,0.013026637025177479
BANCOINDIA,BANCO PRODUCTS (I) LTD,2025-03-07,10,0.3244228404471447,361.85,370.89625,379.94250000000005,0.025,0.05,0.45792154774732113,0.012925856746733189
GMDCLTD,GUJARAT MINERAL DEV CORP,2025-03-07,10,0.32427046247662805,261.81,268.35524999999996,274.9005,0.025,0.05,0.45792154774732113,0.01241793017834425
ASIANPAINT,ASIAN PAINTS LIMITED,2025-03-07,10,0.32406247194623816,2270.0,2326.75,2383.5,0.025,0.05,0.46288768422050147,0.00013697663962375373
TATAPOWER,TATA POWER CO LTD,2025-03-07,10,0.32402819422175416,351.45,360.23625,369.0225,0.025,0.05,0.45787825287864226,0.011711390689015388
ASTRAL,ASTRAL LIMITED,2025-03-07,10,0.3239430650312088,1332.65,1365.96625,1399.2825000000003,0.025,0.05,0.4601954696284351,0.006020787637680769
BIOCON,BIOCON LIMITED.,2025-03-07,10,0.3238335116291215,333.7,342.04249999999996,350.385,0.025,0.05,0.45792154774732113,0.010961427353322506
CANTABIL,CANTABIL RETAIL LTD,2025-03-07,10,0.3237658273122943,268.7,275.41749999999996,282.135,0.025,0.05,0.455716009341143,0.015882069244980812
KPITTECH,KPIT TECHNOLOGIES LIMITED,2025-03-07,10,0.3236676927180757,1305.4,1338.035,1370.67,0.025,0.05,0.45792154774732113,0.01040869764983654
IPCALAB,IPCA LABORATORIES LTD,2025-03-07,10,0.32366566229895555,1333.1,1366.4274999999998,1399.7549999999999,0.025,0.05,0.4613574172211127,0.002384900813922286
CAMPUS,CAMPUS ACTIVEWEAR LIMITED,2025-03-07,10,0.3236575419539382,264.25,270.85625,277.46250000000003,0.025,0.05,0.45792154774732113,0.010374861769378185
BHARATFORG,BHARAT FORGE LTD,2025-03-07,10,0.3234966385095311,1087.8,1114.995,1142.19,0.025,0.05,0.45787825287864226,0.009939538314938545
FINCABLES,FINOLEX CABLES LTD,2025-03-07,10,0.32348517645527447,834.65,855.5162499999999,876.3825,0.025,0.05,0.4616081014362673,0.0011983514996245503
CANFINHOME,CAN FIN HOMES LTD,2025-03-07,10,0.32336116931306025,629.6,645.3399999999999,661.08,0.025,0.05,0.45792154774732113,0.009386952966451645
DEEPAKNTR,DEEPAK NITRITE LTD,2025-03-07,10,0.32330286977557704,1989.0,2038.725,2088.4500000000003,0.025,0.05,0.4604771332778869,0.003229588270187378
BAJFINANCE,BAJAJ FINANCE LIMITED,2025-03-07,10,0.32328143427071504,8404.5,8614.6125,8824.725,0.025,0.05,0.4618306203867085,6.37300067861564e-14
EXIDEIND,EXIDE INDUSTRIES LTD,2025-03-07,10,0.3231434803430574,355.85,364.74625,373.64250000000004,0.025,0.05,0.4604771332778869,0.0026982901617884636
MPHASIS,MPHASIS LIMITED,2025-03-07,10,0.3231294255438528,2302.25,2359.8062499999996,2417.3625,0.025,0.05,0.4616081014362673,1.251512821909273e-05
HAL,HINDUSTAN AERONAUTICS LTD,2025-03-07,10,0.3231262555101197,3452.05,3538.3512499999997,3624.6525,0.025,0.05,0.4616081014362673,1.9483491087157745e-06
TRENT,TRENT LTD,2025-03-07,10,0.32312567230852174,4999.85,5124.84625,5249.842500000001,0.025,0.05,0.4616081014362673,4.343782222804293e-09
LT,LARSEN & TOUBRO LTD.,2025-03-07,5,0.32293014635340805,3244.7,3325.8174999999997,3406.935,0.025,0.05,0.371993924946618,0.2827870547771454
KOTAKBANK,KOTAK MAHINDRA BANK LTD,2025-03-07,10,0.3228103451550826,1935.4,1983.7849999999999,2032.17,0.025,0.05,0.4610708999332113,0.00020238400611560792
TATACONSUM,TATA CONSUMER PRODUCT LTD,2025-03-07,10,0.3227794563403924,962.05,986.1012499999998,1010.1525,0.025,0.05,0.45346104300535856,0.017855754122138023
ADSL,ALLIED DIGITAL SERV. LTD,2025-03-07,10,0.3227489458519312,207.64,212.83099999999996,218.022,0.025,0.05,0.45699318247332354,0.009512393735349178
JUBLPHARMA,JUBILANT PHARMOVA LTD,2025-03-07,10,0.3224652579976042,910.1,932.8525,955.605,0.025,0.05,0.45792154774732113,0.006400581914931536
JBMA,JBM AUTO LIMITED,2025-03-07,10,0.3224187916600873,549.1,562.8275,576.5550000000001,0.025,0.05,0.45792154774732113,0.006245694123208523
VSTIND,VST INDUSTRIES LTD,2025-03-07,10,0.3223461944600364,265.05,271.67625,278.3025,0.025,0.05,0.45792154774732113,0.006003703456372023
AUROPHARMA,AUROBINDO PHARMA LTD,2025-03-07,10,0.32231666435589323,1097.4,1124.835,1152.2700000000002,0.025,0.05,0.45787825287864226,0.006006291136145592
BATAINDIA,BATA INDIA LTD,2025-03-07,10,0.32223682724775576,1233.1,1263.9274999999998,1294.7549999999999,0.025,0.05,0.45792154774732113,0.005639146082103252
WABAG,VA TECH WABAG LTD,2025-03-07,10,0.32221206501031124,1370.85,1405.1212499999997,1439.3925,0.025,0.05,0.45792154774732113,0.005556605290621519
ADANIENT,ADANI ENTERPRISES LIMITED,2025-03-07,10,0.3222026106537769,2247.5,2303.6875,2359.875,0.025,0.05,0.4601954696284351,0.00021927304624114186
GREAVESCOT,GREAVES COTTON LTD.,2025-03-07,10,0.32207012359344384,237.2,243.12999999999997,249.06,0.025,0.05,0.45699318247332354,0.007249652873724699
JUBLFOOD,JUBILANT FOODWORKS LTD,2025-03-07,10,0.3219936623694172,602.8,617.8699999999999,632.9399999999999,0.025,0.05,0.45792154774732113,0.0048285964876413345
UBL,UNITED BREWERIES LTD,2025-03-07,10,0.32197526490229056,1922.3,1970.3574999999998,2018.415,0.025,0.05,0.4597931129063861,0.00040028622606769204
POLICYBZR,PB FINTECH LIMITED,2025-03-07,10,0.321953218429329,1397.8,1432.745,1467.69,0.025,0.05,0.45792154774732113,0.004693783354014158
TATACHEM,TATA CHEMICALS LTD,2025-03-07,10,0.3218983537434531,815.3,835.6824999999999,856.0649999999999,0.025,0.05,0.45787825287864226,0.004611922428011894
AVALON,AVALON TECHNOLOGIES LTD,2025-03-07,10,0.32185723977068265,710.45,728.21125,745.9725000000001,0.025,0.05,0.45792154774732113,0.0043738544918596745
AFFLE,AFFLE (INDIA) LIMITED,2025-03-07,10,0.3216924039870297,1482.65,1519.71625,1556.7825000000003,0.025,0.05,0.45792154774732113,0.003824401879683137
TDPOWERSYS,TD POWER SYSTEMS LTD.,2025-03-07,10,0.32157422082869164,353.4,362.23499999999996,371.07,0.025,0.05,0.45792154774732113,0.0034304580185562372
SANGHVIMOV,SANGHVI MOVERS LTD,2025-03-07,10,0.3215280454615467,240.17,246.17424999999997,252.17849999999999,0.025,0.05,0.4555124188121888,0.008897840976715088
DCXINDIA,DCX SYSTEMS LIMITED,2025-03-07,10,0.3215197635005506,246.83,253.00074999999998,259.17150000000004,0.025,0.05,0.45699318247332354,0.005415119230747223
SBILIFE,SBI LIFE INSURANCE CO LTD,2025-03-07,10,0.32148165986664956,1411.6,1446.8899999999999,1482.18,0.025,0.05,0.45771837766383894,0.0035959850065410137
PRESTIGE,PRESTIGE ESTATE LTD,2025-03-07,10,0.32144884613713076,1144.85,1173.4712499999998,1202.0925,0.025,0.05,0.45792154774732113,0.0030125423800200224
PNCINFRA,PNC INFRATECH LTD.,2025-03-07,10,0.3214414257081022,270.35,277.10875,283.86750000000006,0.025,0.05,0.45792154774732113,0.0029878076165914536
WELENT,WELSPUN ENTERPRISES LTD.,2025-03-07,10,0.32142425209654324,440.5,451.5125,462.52500000000003,0.025,0.05,0.45792154774732113,0.0029305622447282076
WOCKPHARMA,WOCKHARDT LIMITED,2025-03-07,10,0.32134983406772666,1319.65,1352.64125,1385.6325000000002,0.025,0.05,0.45792154774732113,0.0026825021486729383
TI,TILAKNAGAR INDUSTRIES LTD,2025-03-07,10,0.3213258235837611,253.86,260.2065,266.553,0.025,0.05,0.45699318247332354,0.004768652841448784
GICRE,GENERAL INS CORP OF INDIA,2025-03-07,10,0.32127141633441497,382.4,391.9599999999999,401.52,0.025,0.05,0.45792154774732113,0.0024211097043007612
ICICIBANK,ICICI BANK LTD.,2025-03-07,10,0.321141210273222,1214.55,1244.91375,1275.2775,0.025,0.05,0.4549401104188616,0.008943776600062847
SPANDANA,SPANDANA SPHOORTY FIN LTD,2025-03-07,10,0.32113113610444416,273.4,280.23499999999996,287.07,0.025,0.05,0.45792154774732113,0.0019535089377313852
BHARTIARTL,BHARTI AIRTEL LIMITED,2025-03-07,10,0.32112335913450696,1630.7,1671.4675,1712.2350000000001,0.025,0.05,0.45787825287864226,0.002028607064858079
JWL,JUPITER WAGONS LIMITED,2025-03-07,10,0.3210497164988237,315.85,323.74625,331.64250000000004,0.025,0.05,0.45699318247332354,0.0038482958916574717
SONATSOFTW,SONATA SOFTWARE LTD,2025-03-07,10,0.321038053183796,390.75,400.51874999999995,410.2875,0.025,0.05,0.45792154774732113,0.00164323253557086
PATANJALI,PATANJALI FOODS LIMITED,2025-03-07,10,0.32097315664773635,1749.65,1793.39125,1837.1325000000002,0.025,0.05,0.45792154774732113,0.001426910748705268
SUNPHARMA,SUN PHARMACEUTICAL IND L,2025-03-07,10,0.3209266948896391,1609.3,1649.5324999999998,1689.765,0.025,0.05,0.45787825287864226,0.001373059581965208
DMART,AVENUE SUPERMARTS LIMITED,2025-03-07,10,0.3209130023887788,3593.6,3683.4399999999996,3773.28,0.025,0.05,0.4584466326096514,1.1985400760750053e-06
ZENSARTECH,ZENSAR TECHNOLOGIES  LTD,2025-03-07,10,0.32084506478763947,742.85,761.42125,779.9925000000001,0.025,0.05,0.45792154774732113,0.0009999378817155957
YATHARTH,YATHARTH HOSP & TRA C S L,2025-03-07,10,0.32080499471535734,390.85,400.62125,410.39250000000004,0.025,0.05,0.45792154774732113,0.0008663709741085768
LICI,LIFE INSURA CORP OF INDIA,2025-03-07,10,0.3207431458847261,763.15,782.2287499999999,801.3075,0.025,0.05,0.45771837766383894,0.0011342717334628105
LUPIN,LUPIN LIMITED,2025-03-07,10,0.32070173576692357,2030.0,2080.75,2131.5,0.025,0.05,0.45787825287864226,0.0006231958395801485
CYIENT,CYIENT LIMITED,2025-03-07,10,0.32067327144809826,1269.6,1301.3399999999997,1333.08,0.025,0.05,0.45792154774732113,0.00042729341657832265
ASHAPURMIN,ASHAPURA MINECHEM LTD,2025-03-07,10,0.32067110224648204,327.15,335.32874999999996,343.5075,0.025,0.05,0.45792154774732113,0.0004200627445243299
BLS,BLS INTL SERVS LTD,2025-03-07,10,0.3206651613892551,347.25,355.93125,364.6125,0.025,0.05,0.45792154774732113,0.0004002598871011287
KALYANKJIL,KALYAN JEWELLERS IND LTD,2025-03-07,10,0.3206496412128705,431.7,442.49249999999995,453.285,0.025,0.05,0.45792154774732113,0.0003485259658191353
TEJASNET,TEJAS NETWORKS LIMITED,2025-03-07,10,0.3206369418088376,736.45,754.8612499999999,773.2725,0.025,0.05,0.45792154774732113,0.0003061946190427989
RKFORGE,RAMKRISHNA FORGINGS LTD,2025-03-07,10,0.32062287530766626,715.95,733.84875,751.7475000000001,0.025,0.05,0.45792154774732113,0.00025930628180503845
CYIENTDLM,CYIENT DLM LIMITED,2025-03-07,10,0.320598397609641,428.9,439.62249999999995,450.34499999999997,0.025,0.05,0.45792154774732113,0.00017771395505405962
MUTHOOTFIN,MUTHOOT FINANCE LIMITED,2025-03-07,10,0.3205980856063241,2179.45,2233.9362499999997,2288.4225,0.025,0.05,0.45787825287864226,0.000277695304248482
MANKIND,MANKIND PHARMA LIMITED,2025-03-07,10,0.32056812336282164,2316.05,2373.95125,2431.8525000000004,0.025,0.05,0.45792154774732113,7.679979898966849e-05
GODREJPROP,GODREJ PROPERTIES LTD,2025-03-07,10,0.32055725152254455,2008.35,2058.5587499999997,2108.7675,0.025,0.05,0.45792154774732113,4.0560331399319693e-05
SBIN,STATE BANK OF INDIA,2025-03-07,10,0.3205552745454527,732.75,751.0687499999999,769.3875,0.025,0.05,0.4527832117773262,0.012023421004414558
PAYTM,ONE 97 COMMUNICATIONS LTD,2025-03-07,10,0.320549249804984,684.85,701.9712499999999,719.0925000000001,0.025,0.05,0.45792154774732113,1.3887939530832227e-05
TANLA,TANLA PLATFORMS LIMITED,2025-03-07,10,0.32054895084470775,470.85,482.62125,494.39250000000004,0.025,0.05,0.45792154774732113,1.2891405276604928e-05
BEML,BEML LIMITED,2025-03-07,10,0.32054857608223175,2668.8,2735.52,2802.2400000000002,0.025,0.05,0.45792154774732113,1.1642197023320477e-05
NEWGEN,NEWGEN SOFTWARE TECH LTD,2025-03-07,10,0.32054710126017527,992.1,1016.9024999999999,1041.7050000000002,0.025,0.05,0.45792154774732113,6.726123501721304e-06
PERSISTENT,PERSISTENT SYSTEMS LTD,2025-03-07,10,0.32054508378678076,5278.8,5410.7699999999995,5542.740000000001,0.025,0.05,0.45792154774732113,1.2121866843628482e-09
TATAMOTORS,TATA MOTORS LIMITED,2025-03-07,10,0.32053121188735423,648.3,664.5074999999999,680.715,0.025,0.05,0.45787825287864226,5.478290768223815e-05
BRITANNIA,BRITANNIA INDUSTRIES LTD,2025-03-07,10,0.32051478087972374,4748.25,4866.956249999999,4985.6625,0.025,0.05,0.45787825287864226,1.28822472689194e-08
DIVISLAB,DIVI S LABORATORIES LTD,2025-03-07,10,0.3205147771876535,5578.75,5718.218749999999,5857.6875,0.025,0.05,0.45787825287864226,5.753464926705476e-10
ULTRACEMCO,ULTRATECH CEMENT LIMITED,2025-03-07,10,0.32051477701504955,10582.4,10846.96,11111.52,0.025,0.05,0.45787825287864226,2.6075088304465677e-18
NESTLEIND,NESTLE INDIA LIMITED,2025-03-07,10,0.320465586914461,2238.45,2294.4112499999997,2350.3725,0.025,0.05,0.45771837766383894,0.00020907516591250896
COLPAL,COLGATE PALMOLIVE LTD.,2025-03-07,10,0.3204274005876052,2474.15,2536.00375,2597.8575,0.025,0.05,0.45771837766383894,8.178740972653031e-05
ENGINERSIN,ENGINEERS INDIA LTD,2025-03-07,7,0.32042599783923836,161.37,165.40425,169.4385,0.025,0.05,0.4019664356584215,0.1689937561750412
HEROMOTOCO,HERO MOTOCORP LIMITED,2025-03-07,10,0.32040302933649306,3652.5,3743.8124999999995,3835.125,0.025,0.05,0.45771837766383894,5.499060193869809e-07
CARTRADE,CARTRADE TECH LIMITED,2025-03-07,10,0.32016787085884424,1548.8,1587.5199999999998,1626.24,0.025,0.05,0.455716009341143,0.003888881066814065
GOLDIAM,GOLDIAM INTERNATIONAL LTD,2025-03-07,10,0.3200945701863429,389.35,399.08375,408.81750000000005,0.025,0.05,0.45699318247332354,0.0006644748500548303
ANGELONE,ANGEL ONE LIMITED,2025-03-07,10,0.3200173143070469,2098.0,2150.45,2202.9,0.025,0.05,0.45699318247332354,0.00040695525240153074
OLECTRA,OLECTRA GREENTECH LIMITED,2025-03-07,10,0.3200103458459534,1143.1,1171.6774999999998,1200.2549999999999,0.025,0.05,0.45699318247332354,0.0003837270487565547
AXISBANK,AXIS BANK LIMITED,2025-03-07,10,0.3199485144853107,1037.65,1063.59125,1089.5325000000003,0.025,0.05,0.4514559646131045,0.013097797520458698
KFINTECH,KFIN TECHNOLOGIES LIMITED,2025-03-07,10,0.31991835497160076,929.55,952.7887499999998,976.0275,0.025,0.05,0.45699318247332354,7.709080091444775e-05
POLYCAB,POLYCAB INDIA LIMITED,2025-03-07,10,0.3198952288347162,5063.45,5190.036249999999,5316.6225,0.025,0.05,0.45699318247332354,3.677965931814242e-09
NH,NARAYANA HRUDAYALAYA LTD.,2025-03-07,10,0.3197201279700138,1566.2,1605.355,1644.5100000000002,0.025,0.05,0.4555124188121888,0.002871449338272214
RELIANCE,RELIANCE INDUSTRIES LTD,2025-03-07,10,0.3196040061308642,1249.8,1281.0449999999998,1312.29,0.025,0.05,0.45346104300535856,0.007270920090377331
SBFC,SBFC FINANCE LIMITED,2025-03-07,7,0.319122582053322,86.6,88.76499999999999,90.92999999999999,0.025,0.05,0.3196173873852131,0.3182036578655243
SBIN,STATE BANK OF INDIA,2025-03-07,5,0.3191154856725945,732.75,751.0687499999999,769.3875,0.025,0.05,0.36229374767330275,0.2837878167629242
SWANENERGY,SWAN ENERGY LIMITED,2025-03-07,10,0.3190076900664135,445.35,456.48375,467.61750000000006,0.025,0.05,0.455716009341143,2.1611758711514995e-05
GODFRYPHLP,GODFREY PHILLIPS INDIA LT,2025-03-07,10,0.3190012065774519,5326.35,5459.50875,5592.6675000000005,0.025,0.05,0.455716009341143,1.2883955013975879e-10
TCS,TATA CONSULTANCY SERV LT,2025-03-07,5,0.31897721223367564,3611.2,3701.4799999999996,3791.7599999999998,0.025,0.05,0.36347942732734395,0.2825663089752197
KEI,KEI INDUSTRIES LTD.,2025-03-07,10,0.3188608637414845,3223.85,3304.4462499999995,3385.0425,0.025,0.05,0.4555124188121888,7.235243174363859e-06
BSE,BSE LIMITED,2025-03-07,10,0.3188587274848409,4178.3,4282.7575,4387.215,0.025,0.05,0.4555124188121888,1.1438769575988772e-07
CIPLA,CIPLA LTD,2025-03-07,10,0.3185608613078122,1458.45,1494.9112499999999,1531.3725000000002,0.025,0.05,0.45346104300535856,0.003793770680204034
ICICIPRULI,ICICI PRU LIFE INS CO LTD,2025-03-07,10,0.31855845332260896,549.55,563.2887499999999,577.0275,0.025,0.05,0.4543678893857197,0.001669769175350666
DRREDDY,DR. REDDY S LABORATORIES,2025-03-07,10,0.3181338556582679,1133.25,1161.58125,1189.9125000000001,0.025,0.05,0.45346104300535856,0.0023704185150563717
TITAN,TITAN COMPANY LIMITED,2025-03-07,10,0.318059140745933,3079.35,3156.33375,3233.3175,0.025,0.05,0.4543678893857197,5.393919764173916e-06
INFY,INFOSYS LIMITED,2025-03-07,10,0.3176872139686358,1686.0,1728.1499999999999,1770.3000000000002,0.025,0.05,0.45346104300535856,0.0008816128829494119
ICICIBANK,ICICI BANK LTD.,2025-03-07,5,0.3175397973232832,1214.55,1244.91375,1275.2775,0.025,0.05,0.40326362924959175,0.2474021166563034
HCLTECH,HCL TECHNOLOGIES LTD,2025-03-07,10,0.31753379106292157,1557.95,1596.8987499999998,1635.8475,0.025,0.05,0.45346104300535856,0.00037020319723524153
GRASIM,GRASIM INDUSTRIES LTD,2025-03-07,10,0.3173221804555308,2407.25,2467.4312499999996,2527.6125,0.025,0.05,0.4532667269040632,0.00011823874228866771
MARUTI,MARUTI SUZUKI INDIA LTD.,2025-03-07,10,0.3172867088328442,11664.15,11955.753749999998,12247.3575,0.025,0.05,0.4532667269040632,3.22821580462568e-20
TCS,TATA CONSULTANCY SERV LT,2025-03-07,10,0.3169484683988089,3611.2,3701.4799999999996,3791.7599999999998,0.025,0.05,0.4527832117773262,7.338489353969635e-07
HDFCBANK,HDFC BANK LTD,2025-03-07,10,0.31650695295962317,1689.25,1731.4812499999998,1773.7125,0.025,0.05,0.4514559646131045,0.0016259257681667805
HINDUNILVR,HINDUSTAN UNILEVER LTD.,2025-03-07,10,0.3160688548565823,2204.55,2259.66375,2314.7775,0.025,0.05,0.4514559646131045,0.0001655987580306828
HDFCBANK,HDFC BANK LTD,2025-03-07,5,0.3160400264693629,1689.25,1731.4812499999998,1773.7125,0.025,0.05,0.36347942732734395,0.27722597122192383
LT,LARSEN & TOUBRO LTD.,2025-03-07,10,0.3160204949399095,3244.7,3325.8174999999997,3406.935,0.025,0.05,0.4514559646131045,4.399035788082983e-06
APOLLOHOSP,APOLLO HOSPITALS ENTER. L,2025-03-07,10,0.3160191752463835,6216.1,6371.5025,6526.905000000001,0.025,0.05,0.4514559646131045,5.7367954137133026e-11
APTUS,APTUS VALUE HSG FIN I LTD,2025-03-07,7,0.31563164462311716,303.3,310.8825,318.46500000000003,0.025,0.05,0.2725924829590573,0.3955615162849426
SPARC,SUN PHARMA ADV.RES.CO.LTD,2025-03-07,7,0.31309926659119686,136.6,140.015,143.43,0.025,0.05,0.39917303507530627,0.15324798226356506
MARUTI,MARUTI SUZUKI INDIA LTD.,2025-03-07,5,0.3126625218225848,11664.15,11955.753749999998,12247.3575,0.025,0.05,0.36347942732734395,0.27108505368232727
GEOJITFSL,GEOJIT FINANCIAL SER L,2025-03-07,7,0.31132547777451314,78.86,80.83149999999999,82.803,0.025,0.05,0.4148304347282379,0.11910198628902435
KAMDHENU,KAMDHENU LIMITED,2025-03-07,7,0.31120187099063984,35.21,36.09025,36.9705,0.025,0.05,0.44018658678936023,0.07165882736444473
PRAJIND,PRAJ INDUSTRIES LTD,2025-03-07,7,0.3086817372819314,520.9,533.9224999999999,546.945,0.025,0.05,0.22458697343186373,0.46485772728919983
SCI,SHIPPING CORP OF INDIA LT,2025-03-07,7,0.30528980076619855,157.69,161.63224999999997,165.5745,0.025,0.05,0.4163887591363355,0.098963163793087
GMRP&UI,GMR POW AND URBAN INFRA L,2025-03-07,7,0.30316267515513173,105.05,107.67624999999998,110.3025,0.025,0.05,0.4181879841791188,0.08954424411058426
